,A,B,C,D
2000-01-01,-0.3949189137620099,2.6779062469171837,-0.7199495086876952,0.04949606941927563
2000-01-02,-1.3674787990434214,3.058141456873843,-0.6693591049278981,0.003927593536205108
2000-01-03,-0.26805789030049065,4.289785087843502,-0.6823247965466331,0.19362599865816396
2000-01-04,-1.698265048828025,3.321652258026692,-0.254611937323136,0.1803324629272472
2000-01-05,-1.1836072886986992,3.4802086873531097,0.5016180721151255,-0.7498559563916611
2000-01-06,0.25634075739452133,2.9045674722663155,-0.7110378540062381,-0.7756591632380628
2000-01-07,0.8614201282782513,2.18000115383511,-1.1281495689255658,-0.7739466373236115
2000-01-08,-0.8035117015803143,2.098343823315859,-2.2890440603350797,-0.5956723933772985
2000-01-09,0.20469100961468978,2.3767401614401953,-1.9566269536482133,-0.8148644184597774
2000-01-10,0.6797992945478326,1.9702834357449877,-2.9997135367977164,-0.9676777191025693
2000-01-11,-0.05552190761609188,2.7970006680101793,-3.7589026305180235,0.5334610511338834
2000-01-12,-2.241537189871548,3.542156791340944,-1.5595927183348315,0.32417741709489806
2000-01-13,-0.8885206774921437,3.703702272038751,-0.11786978973274076,0.2572401548314931
2000-01-14,-0.8614152187392526,2.8358024420391383,1.5512429257147116,1.6520094212490046
2000-01-15,-1.2204803856096897,3.1552629658345257,1.5232426120615141,1.4157876169397436
2000-01-16,-1.9447772117041324,4.310356153234302,1.4416439545272073,1.316699029735007
2000-01-17,-1.6576065967675062,3.1937353351566533,1.6437830797058581,0.5140975529649447
2000-01-18,-2.03116646605309,3.726070583254417,1.8474489847647,0.542985899174373
2000-01-19,-1.207387226949074,3.832978356886115,1.9933298701218325,0.3108744586818753
2000-01-20,0.8415556524513303,4.315692327253532,2.496117947363615,2.4743708965072
2000-01-21,1.7754632262514933,4.485933823275491,3.3955463298819977,2.6008067816246276
2000-01-22,-0.40909494694449,4.375655765492578,2.329915568652134,3.670406686027425
2000-01-23,-0.36072332834530213,4.121848696029299,1.9494550791269492,4.7840645884154025
2000-01-24,1.1275061829350552,2.874906539990268,3.7421216778702586,5.006991192252388
2000-01-25,-0.07019081762019264,3.0525106763693466,3.7798017147128085,3.0186391350718105
2000-01-26,0.49039984205885945,3.3111644037411607,3.901178768678376,3.0649941358785906
2000-01-27,0.0972003699697499,3.2603881019051446,2.6255302268668648,2.889968481732776
2000-01-28,-1.0966208291977744,4.020170142123957,3.0502996030496154,2.4723184490666643
2000-01-29,-0.49686692074705274,5.365304538165,3.0506984440486073,2.801477106676943
2000-01-30,-0.6278483405154061,3.944079140772301,3.0021986878758744,3.0898475294935492
2000-01-31,-0.3282171297267967,3.825964012822258,2.5563952918894257,3.5965324377475607
2000-02-01,0.19623368031474536,3.5201516226599785,2.6554971654213166,3.50196288896997
2000-02-02,-0.24152975339993715,2.369783683249225,2.2104450352842515,3.3339287617312827
2000-02-03,1.0970463561096844,1.0346311703383972,1.4041718074508853,3.3459515792798427
2000-02-04,1.9926853341660014,2.4492234651127065,2.5976996236552923,4.023917988240872
2000-02-05,2.659649814340863,2.4168473199366836,2.0764282830516505,5.9007376552030255
2000-02-06,2.727094354468693,0.9861656212653787,1.1677033053952874,4.705202459628219
2000-02-07,2.955148248855212,0.32128630703981886,-0.41580211450857285,5.965966359585444
2000-02-08,3.9587057217662975,-0.9485117234532381,0.5478252093517344,6.30353866998699
2000-02-09,5.108220875603729,-0.2865655469047612,2.0607502472806773,6.745066953004642
2000-02-10,4.768701994535555,-1.2622351812082098,2.0285785771324534,5.851022292020589
2000-02-11,4.7596212130326725,-0.5244323874167931,2.2449804954553714,6.273719049736464
2000-02-12,5.970835819685794,-0.9524155333301247,1.1759383877909337,6.099198137491265
2000-02-13,6.486688841293571,-0.2055366439802906,0.6614252050067443,7.83535380063414
2000-02-14,6.015357498975463,-0.93863498874423,-0.4060074227846421,8.002876656150534
2000-02-15,6.312570466353078,-2.361045336830087,-0.014337823466435362,8.703584816459697
2000-02-16,8.78083389965392,-1.9792218608772152,-0.24855748681761472,9.808720575787394
2000-02-17,9.637766314084795,0.5599248436069839,-0.17615877713615818,9.880897808621132
2000-02-18,8.76760568130011,1.6191394137940534,1.1775750943344876,9.381840583887278
2000-02-19,7.491294474961746,1.316032167375713,-1.3346385692926381,9.44932120128677
2000-02-20,7.929190324194082,2.773389228976597,-1.0669175755823543,9.051629041455351
2000-02-21,6.979106422508068,1.673408416877202,-0.13063193596672962,8.622053040368987
2000-02-22,8.356376669135948,-0.1025356857524855,0.1208960469048238,8.677071195595337
2000-02-23,8.731737897202034,0.5149503623724729,-1.339013556403851,6.536694988680534
2000-02-24,9.432258947681945,0.9929790724720009,-1.3398012846666991,7.627167551321199
2000-02-25,11.455623633980682,-0.2501540696423503,-1.7762965601213008,7.523628550245396
2000-02-26,12.807826760336054,-0.4574667279159026,-1.1133565028797885,9.085692157616519
2000-02-27,15.31468231330408,-2.1548316765635107,-0.4460312709314024,8.974463494881952
2000-02-28,16.16922368955263,-0.6075949926800046,-1.9614697211216092,7.508492932255155
2000-02-29,14.56803273440889,0.9505256643783946,-0.619332656613349,7.097135124030548
2000-03-01,14.698925453539516,1.1174537962486575,-0.9400728217425841,7.116313263048918
2000-03-02,13.016369674470718,2.4290120845861436,-2.3775731515609104,6.145434468134843
2000-03-03,12.229097159421924,1.896485720170677,-2.522432618678674,8.317902337937015
2000-03-04,13.084986846468235,2.4073536521086267,-2.3799815057002713,9.369295390690585
2000-03-05,13.374009419460172,3.4791696125227074,-3.311647008304579,11.522357203356346
2000-03-06,14.588064269248278,4.729140305947094,-1.0680720404057316,12.404764476648067
2000-03-07,12.764455063921272,3.322042734723748,-0.07554768532959644,9.928143133846064
2000-03-08,12.143004441388328,3.0679783467968273,1.2097700705586396,10.163516652670994
2000-03-09,13.69159786623641,4.847599753504315,-0.7736358006734108,9.289423536640069
2000-03-10,13.486609131864173,5.211047803543586,-1.7583571036000176,8.793921836989393
2000-03-11,13.808731947104532,5.662544473215085,-2.2119218424731795,9.251158317284444
2000-03-12,13.786470500247093,6.350232138563926,-0.6218311472736602,9.240637436806718
2000-03-13,13.101770929129268,6.1895474320273935,-1.2711047192410416,8.79105733439833
2000-03-14,13.612676217281152,7.128569800796858,-0.8724386644772253,8.503378957581875
2000-03-15,14.005824514336611,7.170568307126584,-1.1724752053287621,9.006121975540239
2000-03-16,14.182360207240093,8.285362230780951,1.4338076825302408,8.386166957043987
2000-03-17,11.347345662089657,8.635326764441478,2.787958275179541,8.787339217321206
2000-03-18,13.331924877701665,8.781405559296582,3.332694550011617,8.243045162162396
2000-03-19,13.442864035601781,7.934344218313979,3.9112933677960537,6.138228638845187
2000-03-20,12.265231367798535,10.713379535272562,3.5444714373238493,5.526193335211177
2000-03-21,12.783524555315894,11.865092570639025,3.604711711237344,5.607360185749166
2000-03-22,12.371311988882304,11.049746079710111,1.4990408287721197,5.714370755867831
2000-03-23,12.425890775217304,10.71921768515353,1.8325959977482993,5.636079327367803
2000-03-24,11.381718978574437,9.714721502202302,2.144142352747421,7.206273374858847
2000-03-25,10.492510289916035,11.216232333921932,1.9163540138461883,8.027535375317688
2000-03-26,12.041949966582727,13.050446946600522,2.652868714855755,7.5757584943682135
2000-03-27,13.835950164698325,14.003389244351725,3.2857583658044067,8.564240425412423
2000-03-28,13.487412079617155,14.811778513256058,2.5302039162804313,7.880860203436555
2000-03-29,13.539966360060477,13.678150797293076,1.4288183752585482,7.989010208762586
2000-03-30,14.999173504662007,14.28472623330379,0.656116121908435,8.38027884117444
2000-03-31,15.214272057234515,15.996978410903438,-0.5306142276045271,7.8798046068251395
2000-04-01,14.112205429788883,14.001399728531666,0.5963555162626095,6.4193824737006295
2000-04-02,14.418481718093775,13.651360341786722,0.4030976460328076,7.839294169829166
2000-04-03,15.916747719895298,13.865860001827311,-0.036512724634915505,10.547497328377506
2000-04-04,17.481741736654172,14.731807424769823,-1.0822004516971775,11.3392182460067
2000-04-05,16.823888871274317,14.443965052281314,-0.18131847228885,10.75638121144212
2000-04-06,17.74727120444344,13.447667420360535,-2.005776157223653,11.059083613218695
2000-04-07,17.949667526905127,14.21407684038715,-1.5854083330110669,11.221559412535553
2000-04-08,19.441211281545975,13.781489404690042,-1.4527396673713358,11.260989829065428
2000-04-09,19.772955314140873,14.28288412096936,0.20403928924618442,11.146243727749832
2000-04-10,20.73879570465747,14.827961818121747,-0.33285655190649277,10.362027111936605
2000-04-11,20.944329012619566,13.652449328072345,-0.8573299858303883,11.681026594951637
2000-04-12,21.051216061805604,13.544023920900809,-0.21317166589333203,11.08116196173189
2000-04-13,19.11050818388581,14.145569895458902,-0.4638101835655398,10.36633062601723
2000-04-14,18.84076987798285,14.525968687113831,0.23350262816388168,10.264185482116808
2000-04-15,17.89309236119727,13.592325594732191,0.20294221499807952,9.870543738084242
2000-04-16,17.231472071130312,13.276776601083403,1.8205752246685503,8.744880445303698
2000-04-17,17.931035603364414,15.03398631177301,2.063872725304734,8.814473180988449
2000-04-18,18.97736893192681,15.111930972766523,2.216971151551334,10.39620985822042
2000-04-19,18.546181305440374,13.001834627290078,2.443513902108919,11.619406054859065
2000-04-20,20.121399750628793,15.285615229547858,3.437665336243394,12.157610341770672
2000-04-21,21.168266452177185,17.38009352711297,2.0972763787323814,11.766452260267696
2000-04-22,20.177043418009166,16.977851963660562,2.156991651388319,11.616800584849226
2000-04-23,20.023073095881294,16.565574018533308,2.7062487481807196,11.790543594599361
2000-04-24,19.611178510265436,16.416129282334516,3.2225769612298913,11.923414016170053
2000-04-25,18.102059273543603,17.27238865329543,3.53522750158717,13.84808182714932
2000-04-26,18.882463483933115,17.76252291774952,3.6233268201381716,14.639064024356498
2000-04-27,19.75393172659758,18.01904846317567,3.528006822985816,14.513578424756153
2000-04-28,20.17203457113097,19.15923383873227,5.729253404667279,14.927501386266476
2000-04-29,18.916148360571597,17.92556417617603,5.172017429748298,13.514043952923753
2000-04-30,18.371262399695944,18.78406494549601,3.983143676046974,13.721636735484376
2000-05-01,18.65138728984282,18.08985776878162,3.726540574486923,15.31260013325651
2000-05-02,17.720732113971142,17.070494915766155,3.640388908778866,15.245794536740567
2000-05-03,15.806776681235881,16.880690572948943,3.350238854544258,14.283570749868977
2000-05-04,16.90279456551464,16.01379444570749,4.954902493598507,13.46470323768768
2000-05-05,18.6384432129375,16.765825385629636,3.5964426272013794,12.377666789222657
2000-05-06,17.99088330406314,17.237370409243777,4.649033758786465,12.689250825171072
2000-05-07,17.281373228936555,17.957346304068583,3.461270969723279,11.947783725325829
2000-05-08,17.384043217192804,16.452992317758934,3.13421401527755,12.88990701028507
2000-05-09,19.59248222766291,16.33145396115092,4.497703883669078,13.981377149014365
2000-05-10,18.401580450833904,17.55883447982328,5.816385842699078,14.901070465330935
2000-05-11,18.259004377916607,18.458757195739672,6.248612145383495,16.29629782318769
2000-05-12,18.14401346054798,16.24412394462057,8.250635848716257,15.1676892217187
2000-05-13,16.93653728122377,14.844371437767949,7.035378413958901,16.85163933563184
2000-05-14,16.233421247823195,15.436705604106228,7.800701343938617,17.260908342930033
2000-05-15,15.742919814262688,15.901771293928228,7.976813889234252,16.11842061202119
2000-05-16,14.707382312047281,16.193805429079138,7.378617476107693,15.023624584450758
2000-05-17,14.810428915415269,16.24699728247299,6.047977041831051,15.826272524658455
2000-05-18,13.476355935598624,17.71492564771777,5.691541753952384,15.87240342596372
2000-05-19,11.404983021548105,17.853296824794814,8.851886521248435,17.18573637585803
2000-05-20,11.132220219375167,17.223549094827252,9.729561330963158,16.81763559732878
2000-05-21,11.270274207050692,16.92803696451407,8.959799095443826,15.08023932246089
2000-05-22,10.706473873203937,18.404423344006695,6.719442554801647,14.99369859772521
2000-05-23,9.85628463299839,17.783789611292185,6.5233607110106036,16.23242444127713
2000-05-24,9.685170546088683,17.613392324446867,8.034518065335611,14.730353797359932
2000-05-25,10.51509554374456,15.790911421291275,9.747610805071462,14.558362397898863
2000-05-26,10.368478500398426,15.894985379210626,10.063805750634181,15.018689546077692
2000-05-27,10.36632780896263,14.798365516412225,9.198519677915295,15.597169068287934
2000-05-28,10.97640688710297,13.652336065333317,8.197014460344038,16.207216439554806
2000-05-29,12.008792482603734,15.783954108868066,8.760584066245416,16.921813745233486
2000-05-30,11.126872957984416,16.540906131108372,7.895643352076972,15.021272405489738
2000-05-31,10.16321437186138,17.741703380107648,8.104570820654347,13.236556039035207
2000-06-01,10.755103257643587,17.145063949785207,6.520833400939448,12.655041981273111
2000-06-02,10.22110420847862,18.390621690979167,7.06904504493772,9.618738403856222
2000-06-03,10.084847342852495,19.054289268860494,5.836385538467519,8.947725046502821
2000-06-04,9.061593623725251,18.830323089950618,6.562255539757627,9.77292275286697
2000-06-05,9.589867910251124,18.340515967669386,7.5577960956228445,10.390160344633188
2000-06-06,9.238021393808404,17.907787392195,8.370879055897571,8.465955888627953
2000-06-07,10.246316213368383,16.411539244990227,8.765985607083053,6.720525139681731
2000-06-08,9.866156640049978,16.99590943106314,7.626066063984686,5.125912261287926
2000-06-09,9.579588070628498,17.251489008054104,7.606928279012966,6.034689437334852
2000-06-10,10.475312597646885,17.905848946935897,6.966769777269191,7.295955500150916
2000-06-11,9.856325353625344,18.673965308708585,6.811604717916517,7.029915591056289
2000-06-12,8.72776705099361,19.53087015840122,7.150330718743162,7.050919392761103
2000-06-13,9.83072440502826,21.591125707355562,4.201792968231944,6.928993521335174
2000-06-14,9.43727500434837,20.564021538997263,4.263101485524857,5.930219230567917
2000-06-15,10.775897979277119,20.926941894344697,3.7481508906688523,6.17441924179038
2000-06-16,9.989963319637475,19.920725972209272,2.2025036351694047,7.801529997284585
2000-06-17,10.47342705697412,20.80897615545889,0.8466590199798594,7.798156289427819
2000-06-18,9.329408112852406,21.6835269368138,0.45690065976576744,9.730593173760806
2000-06-19,9.102213582727176,22.106043174229008,-0.26714468453014606,9.634031375379806
2000-06-20,10.044443542458318,22.5310959783367,0.7014168620241927,12.631046804158085
2000-06-21,9.572159487529083,24.383376856241696,0.5178049901771499,12.517725112972222
2000-06-22,10.151019391230664,25.04792674180209,0.4048087414730727,11.879788440253863
2000-06-23,10.43531009616333,25.295832825542675,0.27920877685453693,13.1390978021643
2000-06-24,9.770418576223555,25.687461953210587,1.9435562557649821,12.239369184313384
2000-06-25,11.143740156232125,23.856036686439687,4.100891506699549,12.72075614597668
2000-06-26,11.430509965672329,23.910760121677786,3.378781502985508,13.85516033980738
2000-06-27,12.898340895641224,24.218657762384566,2.03559715388974,12.069134064887304
2000-06-28,14.947394683383218,24.637507236713475,1.5149302985211028,12.489445218771838
2000-06-29,16.0787441586071,24.41353088452238,1.6375203707183215,11.341564129207496
2000-06-30,16.32474459496653,24.22190925275023,2.117647550912329,12.084055869873009
2000-07-01,15.737889976429885,24.495510764390286,1.3559948010465663,11.234088743136649
2000-07-02,17.61391603115277,25.039442069077005,2.153141523014864,12.473434819480028
2000-07-03,18.34985970365439,26.755779565359447,2.2434033724531064,11.14793239307631
2000-07-04,17.5006787378242,27.64934554801025,1.6129820594535818,12.872396195573451
2000-07-05,18.43091335064127,28.00910461806126,1.8738246661336795,12.979724202415161
2000-07-06,17.84335815374295,27.71847296738559,1.0237003708799244,13.01950628907739
2000-07-07,18.298194603718905,29.852003028873654,1.8455866179736544,10.785120748724559
2000-07-08,19.279474413787934,29.611686464613342,2.4668535027722434,10.764626957298018
2000-07-09,19.13362500826808,30.077126878593333,2.6567105508163436,11.855746915887279
2000-07-10,16.684766131214772,31.156568609342848,2.130960115847365,9.220141126408611
2000-07-11,17.986520796775075,30.23937400014848,2.925968952120413,7.5322546309237985
2000-07-12,18.606878858417105,31.12677305523735,2.2756567626374977,7.36082676420081
2000-07-13,18.488409219496667,30.778612187178727,3.03873326604511,7.713765357261401
2000-07-14,18.51625889424982,29.589657405261363,3.8428843301278426,9.218735761361305
2000-07-15,18.381918013158614,30.29672499825462,3.9476102785140412,10.587160432348128
2000-07-16,18.94150684101542,29.56541583973469,4.567597356436257,10.20471382525013
2000-07-17,18.910036477149003,28.827858229980553,4.356685012947209,10.367748346419784
2000-07-18,20.64132249290972,27.912261726705072,4.026775302864115,9.223902208492891
2000-07-19,20.330528577654842,29.79463203237675,4.328410869095691,10.68039471837824
2000-07-20,21.675124597404594,29.746056028968944,3.6350004043136743,9.67938703302434
2000-07-21,23.212611568653138,29.05430194033604,3.682896387933049,9.875512582199107
2000-07-22,22.920749217950476,28.505525825105916,3.2063038267699344,10.254937162819354
2000-07-23,21.53990557111105,30.359198967177324,3.5140799158203624,11.755346003975289
2000-07-24,21.57706118598952,31.856975651857216,2.5570662622371336,11.359153374027668
2000-07-25,21.99840312539835,31.01657586483296,1.4819751541254615,12.079181724579477
2000-07-26,22.082059142660825,30.862359399517292,0.8847994265472424,11.032463480907078
2000-07-27,22.639880705976257,31.65474727313165,2.367922222258594,12.008838625815914
2000-07-28,23.837862946257157,29.488125440817957,2.694321430264945,11.013524260473524
2000-07-29,23.442845992558674,29.45434568286684,1.1372984557462318,10.761162414680674
2000-07-30,24.224374043473443,29.941295325934863,-1.561732646391775,13.309381035814468
2000-07-31,23.659887837424414,32.263329881549794,-1.5546846518395978,14.028760644894446
2000-08-01,23.037130396176707,30.443071580444006,-1.4067176530332064,13.339262355044685
2000-08-02,21.865776843982385,29.898042439571707,0.05812782421951357,14.243807179728226
2000-08-03,21.542683348063733,29.658269826536824,-1.4638200106854102,13.454549188703774
2000-08-04,22.160627406277083,29.945002668490922,-1.095444464137132,13.308015830499688
2000-08-05,24.84577126976876,29.387663061069016,0.15275846730072407,14.395177326326076
2000-08-06,24.985578033352784,28.40968227905721,1.3992373934246967,13.97749158733516
2000-08-07,23.80797928329254,28.51499024544255,1.2440284675265407,14.253153475775603
2000-08-08,22.679276362073217,27.97228367661617,0.5610780091591598,13.495110015555547
2000-08-09,24.210874882503052,28.162088677148784,-0.45409690521900314,13.671033703822058
2000-08-10,24.43781300122068,28.178840605284268,-0.3558310405367957,13.379736738225896
2000-08-11,26.107191805697767,28.85426727683422,-0.7395911105361592,15.199136999996398
2000-08-12,26.578219897560135,28.173119157873472,-0.6025970154527149,15.56878170831302
2000-08-13,25.476529378573755,28.633229203166152,-0.8909367545571281,14.290886809846679
2000-08-14,25.02223055263906,28.333311951394016,-1.7180766687053972,15.016817491096559
2000-08-15,26.755703058321977,28.641059868087805,0.9779931698665605,15.122823184916216
2000-08-16,26.07181722588244,28.89651094801928,-0.13257588709071455,16.032249079991384
2000-08-17,25.84587490905591,27.260138308300384,-2.1452990880007805,17.312149591346657
2000-08-18,25.624099045734045,26.567361044772642,-3.8639120047140967,17.831408947959158
2000-08-19,24.58691940745409,27.761940079433373,-3.7284293596119946,19.945359219519123
2000-08-20,23.75985732602922,27.244841998938202,-4.347061391220844,18.203301954196444
2000-08-21,24.217023492480976,27.458841220123084,-5.676425823284897,18.47221479540865
2000-08-22,21.67270472772184,28.324278764590765,-7.186436418297659,18.718956807123007
2000-08-23,21.907574137440715,28.588229171732518,-7.563600053423381,19.106815451607275
2000-08-24,20.430416894753346,29.050819266608823,-5.476995133611718,17.602687819801073
2000-08-25,19.393451681036062,29.564552753794715,-5.255075964152054,18.233875403937432
2000-08-26,19.064684441491924,29.127266647636592,-4.5966202917058565,18.210227131982123
2000-08-27,18.911989745174107,30.780887021144334,-2.6959101118163225,17.652549964780015
2000-08-28,19.208274875136357,31.708880839886127,-4.650697841410734,18.48416357571205
2000-08-29,18.482436700757294,31.772541853066244,-7.013397596025226,19.59698630921692
2000-08-30,19.426942519861488,30.69307548962297,-6.439549807176966,18.603471643595565
2000-08-31,19.520350028027273,30.716565367884233,-7.220764323514006,17.89722936280232
2000-09-01,19.398167045622863,30.03751629467177,-7.491626386160139,18.95277284305677
2000-09-02,18.468375031035205,29.76766650684873,-6.707705982784455,19.907685408787493
2000-09-03,19.41813706938555,30.03558980740305,-5.595492448121076,19.118627811725318
2000-09-04,18.26470965507573,29.72215545390585,-4.860747785465317,19.302134991747884
2000-09-05,18.90120192351907,31.862693013467638,-5.409747868331777,20.002574601990638
2000-09-06,18.484143904457568,30.637779159977537,-5.208375074557883,19.716700813183905
2000-09-07,18.45663799685185,30.356443952767297,-3.66248687180283,20.413627567636137
2000-09-08,19.49197161663902,31.484814569718182,-3.830369455970129,21.62547843673902
2000-09-09,21.240326316719486,30.994808793068007,-3.089314713915015,21.97109354872787
2000-09-10,21.513991538213283,32.34097100615123,-2.5293843915877776,23.31013262988786
2000-09-11,20.990947923583594,31.322471000402633,-1.0439422944259975,23.351382638776066
2000-09-12,22.623652494967388,30.732446188791876,-0.5997078528411963,22.8779418677508
2000-09-13,22.670151961127505,30.170145365406896,-0.8571033827897613,21.09278182270575
2000-09-14,22.830468530932215,30.950803785144373,-0.21738292068319764,19.165328976531786
2000-09-15,23.830055725174667,32.07671373440267,-1.971715689998679,19.452116825273386
2000-09-16,24.095999682870875,30.283344341155,-2.971687418610021,18.97503009908895
2000-09-17,25.465910007282318,30.820450964465255,-3.233676005945993,19.074686567430998
2000-09-18,26.12068571528881,30.36220157142407,-2.8685206431713537,19.989117841944022
2000-09-19,27.307883241982246,30.640178380139428,-1.2976580509787758,19.822755773857406
2000-09-20,27.56573949790167,30.195234386598727,-1.391247868180356,20.38256580278528
2000-09-21,28.027064503137254,30.600548010600452,-0.11148690860741683,20.678023306469246
2000-09-22,27.405616784124877,30.17181429476207,0.28143054591473554,20.37028481134754
2000-09-23,26.442941871764557,28.47582261475675,-0.31363885750008874,19.474547355954996
2000-09-24,27.07605573521622,26.53529396512437,-1.294393734353195,20.32054453287331
2000-09-25,28.367995485455893,24.794194614395828,-1.2649463922903734,20.903811431700397
2000-09-26,30.296783088137747,25.85667398355555,-1.68373428262593,21.58136331633524
2000-09-27,32.3188624724515,24.430729315008342,-1.6772128054111122,21.517510575932803
2000-09-28,32.41315947706153,24.65768805838475,0.342151018754558,22.374870071424635
2000-09-29,33.64845609277693,23.514410943362325,-0.931840236947614,20.969698836657013
2000-09-30,33.04173843021859,24.40166573828033,-0.8474099043833276,20.027462122188336
2000-10-01,32.756580695437115,22.385059749943455,-0.7279759483294838,21.537535549494528
2000-10-02,33.302627470843944,23.203312703628782,-0.8764333766867272,21.89032725136991
2000-10-03,32.23317740111744,23.221597987607613,0.2255606895909319,22.091056046866843
2000-10-04,32.41957470013458,24.555488230339353,-0.8243928792949407,21.5515249853381
2000-10-05,30.04218334735193,24.335678498863484,-1.371372898934928,22.356730362465733
2000-10-06,30.443571811716296,26.520102483025237,-0.7873071337867777,23.48147969908541
2000-10-07,29.683871976692842,26.151215724038646,-3.1169162212143577,22.36082662403105
2000-10-08,28.68898781165318,25.85156194107826,-1.9247557982001036,21.69653171127115
2000-10-09,28.240036727995502,25.26008316945945,-1.849322432488651,23.33693152417327
2000-10-10,28.840402521354587,26.063751120500484,-1.076382124224831,24.406467153725874
2000-10-11,26.548480326052516,27.94762384479449,-1.6375268013073814,23.581862083186316
2000-10-12,28.064380840491072,27.335772723961423,-1.607759509977356,25.099919797068452
2000-10-13,29.44429765381492,26.147979222764082,0.10212604288345384,25.11426477645481
2000-10-14,29.246292880485424,25.62533023319376,-0.6789883765660168,22.504457426757252
2000-10-15,27.732731017402248,26.944060260319738,-0.45699157233055654,23.835676947154855
2000-10-16,27.6646236707813,28.318703715465862,0.049689048035161276,23.29239518484313
2000-10-17,27.16132517376957,29.420321052916957,0.4195961962069709,23.170977141433866
2000-10-18,28.46960160306691,29.668633510245968,-0.2672949049857844,20.37235163019255
2000-10-19,27.65660247637246,29.533507905590856,-1.2521650144338778,18.606367310560472
2000-10-20,28.393001433682375,29.9679399908442,0.03461859678400869,17.756955519885867
2000-10-21,27.825559480451417,30.143234279273866,-0.5576642821562242,18.346215457615934
2000-10-22,28.33470035844959,32.28191199568846,0.6252450128510888,19.54744682966869
2000-10-23,26.363519308669126,32.89488989999939,0.8438974495340956,18.61641109422889
2000-10-24,26.605940805945263,34.56305308997276,1.3990607590038355,16.409051211440932
2000-10-25,25.749868569224873,35.39091742415227,1.9715462715065706,14.756478914078995
2000-10-26,26.098944332770124,35.694433923903205,0.9282056217081613,14.846581277097274
2000-10-27,26.41138348600121,33.74405005722527,0.5558507764449405,15.2635124459126
2000-10-28,26.0682943277902,35.053818403452254,0.4520814533778746,16.383318839652382
2000-10-29,26.6056905229162,33.58719825727367,-1.3157459992242353,16.4629813504117
2000-10-30,27.562824500393805,32.902669360828135,-2.5143299525737124,16.781912822257077
2000-10-31,25.536118644528003,33.375616168228916,-1.988086779646426,16.206225657303733
2000-11-01,23.93050000121102,34.05788878579339,-1.422935221151003,15.259315584017822
2000-11-02,26.38749871234386,33.81661837324309,-1.8486837185079636,15.240665358104678
2000-11-03,26.850139298514897,32.76250845881956,-3.4752853990065002,16.491269664168158
2000-11-04,28.905882177821354,32.40491668034126,-3.9873783878974454,15.896251351394026
2000-11-05,28.260571572768644,32.6871970040443,-3.1088954292973208,17.390725955467676
2000-11-06,28.090151786367297,32.288721789897046,-3.4011027813029435,18.433131719926536
2000-11-07,28.802316780894433,32.58115459808759,-2.724260806168993,16.871265270549188
2000-11-08,29.85522277647782,32.49332134961867,-3.4630498615011205,16.647633753407046
2000-11-09,31.51309367932664,30.537815621554497,-4.908733493126681,17.746459787920344
2000-11-10,31.670400271102615,30.388638400733495,-4.97711774707635,17.43575422445467
2000-11-11,31.421558683988806,29.290067515175508,-4.874630460756969,19.03022857895759
2000-11-12,32.36645539471087,28.889683558897268,-4.524865801075113,18.636397351737127
2000-11-13,33.64858626377996,29.087620248331874,-3.878858214811028,19.138095820551687
2000-11-14,32.850620717276776,30.427226293926633,-4.149704813853485,19.42744371045669
2000-11-15,32.91012478390741,29.37990050355304,-3.9255257458267927,20.343939352137486
2000-11-16,32.09976544469106,29.954086833469272,-3.6893324385996373,19.974174581140115
2000-11-17,34.272778009781874,29.85346116781799,-4.151595321589305,19.979149576941584
2000-11-18,36.67678549050821,28.28080047935147,-3.243657394313571,21.18120175670062
2000-11-19,35.5051641120894,28.410598506681247,-4.677150633784491,21.679721825082737
2000-11-20,37.144765684623025,29.475899740205133,-3.2644548806321962,20.909857938154527
2000-11-21,38.330542931781885,30.691954093492456,-3.4868783252400197,21.042374027375715
2000-11-22,37.973166800217435,29.63978821917025,-4.885864782934331,21.26660017321075
2000-11-23,39.80578280506984,29.471073809752582,-6.983591436808673,20.966407451268516
2000-11-24,38.44071196148785,31.385405058029985,-7.465701943072512,20.258380588710168
2000-11-25,38.295442773901286,32.37325541027005,-7.358933716748579,20.112302988727578
2000-11-26,37.911478112670636,33.13903917395224,-8.775306776354851,19.977264478526994
2000-11-27,37.60668400512401,31.390415330193825,-7.486807694555149,18.41880365919922
2000-11-28,38.02163670447644,30.829329658006408,-7.122476190880124,19.21386390735539
2000-11-29,40.354003226904766,31.2056104579461,-5.682263254887313,19.43494055846386
2000-11-30,41.23967946461388,30.339103085196168,-6.383407365113621,17.214862820115126
2000-12-01,40.93289107158102,30.126403512695223,-8.869711017723848,16.78545229603618
2000-12-02,40.7742405778696,30.63787849468171,-7.725283014257599,16.671672471773384
2000-12-03,38.80479666125252,30.107919899027692,-8.706707177603777,16.405323957063544
2000-12-04,37.32678331763339,30.26073008691859,-9.928588743123283,16.06075761025952
2000-12-05,37.69119344780757,29.691169298008898,-9.671870120521781,14.734301755092721
2000-12-06,38.15143629480457,28.834560301506404,-10.36096626646048,15.310220132677731
2000-12-07,38.46013203890081,30.726337022202753,-10.808037567827672,14.584689386927389
2000-12-08,39.0431139848785,29.94075875047766,-10.61674731295781,14.814988304832776
2000-12-09,39.16939798485515,29.42710694437726,-9.270865907029432,13.92227886836513
2000-12-10,41.28778117898874,29.424631237815923,-9.542452640455366,15.819538491807144
2000-12-11,41.15546431524627,30.286000096680528,-8.86050632534397,15.642176750122589
2000-12-12,41.97227214614914,29.83513301384968,-7.6476735218958165,16.853904791637834
2000-12-13,41.27033726578275,29.44326300697151,-7.2754679010335215,17.150063766387124
2000-12-14,41.93785532943645,29.15542008612907,-7.761575135449947,17.089919895450446
2000-12-15,42.54120232469496,29.03143264866952,-6.486062080081912,16.37047374132396
2000-12-16,42.583357357902074,28.220334232059624,-7.25019698808827,15.913201711618662
2000-12-17,44.5377896902143,27.924611551192775,-7.112369876433623,17.112239206377975
2000-12-18,44.99786452466164,25.315485658400195,-8.220077680599763,14.747620750099113
2000-12-19,44.722982729608475,24.280294680346948,-7.17708636645434,14.7018244681237
2000-12-20,45.206471955728794,24.354502853743764,-5.980312509132923,14.978851138999472
2000-12-21,45.736438850094515,24.23762344277066,-6.293588141409742,15.4944383540127
2000-12-22,45.53606407468163,24.85313940547893,-7.480004750415554,16.30951252090157
2000-12-23,44.58866648927181,26.14028998599784,-7.431193152360356,16.52662749531121
2000-12-24,44.317953808977606,26.27075559466475,-6.980048411328518,16.650902535713964
2000-12-25,45.199462656249835,27.4403298542031,-6.152583596812928,16.897105916689547
2000-12-26,45.03896180039627,26.414278156448262,-7.6248113513031415,16.52733237590388
2000-12-27,43.19795359503135,25.619162338419578,-6.648664790885766,17.137694875199248
2000-12-28,44.63330346835569,25.53437517758102,-7.223278516810334,16.309063527585838
2000-12-29,45.1539009921446,24.921665862441902,-10.142318488396453,17.961812061254758
2000-12-30,46.16678258416061,25.511659348180316,-9.539388354737335,17.6662674243615
2000-12-31,45.632879816994915,25.53980662567342,-10.280629852032005,16.83850133623176
2001-01-01,44.46748731428334,26.181415198599012,-9.721933525284964,17.973630781319418
2001-01-02,42.57068079415226,26.127715118474796,-9.609392322738088,17.682829735682166
2001-01-03,43.15798468620673,26.18154269731842,-9.86744683480502,18.541835991385298
2001-01-04,44.14279369621615,25.310455444531822,-8.444695811513451,17.5011021946392
2001-01-05,43.599464683880164,26.682104672594054,-8.02263229819869,17.99986389973145
2001-01-06,42.13798822626858,24.930104982022403,-7.602365277164532,15.953969697144165
2001-01-07,42.46194363334121,24.369214404395894,-7.464349260777463,15.305036566631186
2001-01-08,42.01819199500929,24.17561371252537,-7.8205785340264615,15.864812357772415
2001-01-09,41.268342943346596,22.347337910772055,-8.943339356336406,15.781608489885823
2001-01-10,42.13577779963668,22.289544361477546,-7.249565025254569,16.884239104447452
2001-01-11,41.38136611656465,22.426313436746607,-7.4559868587816105,17.672587816764242
2001-01-12,42.12464896421129,21.984527209055834,-6.382792138080822,16.198413936837422
2001-01-13,42.20879813757912,22.28861105206507,-7.014147816893693,18.626876616516043
2001-01-14,42.66849490145118,22.18905587975337,-6.126259677811117,18.469208826679505
2001-01-15,42.59179825747567,23.19079581666772,-5.658155405796309,19.964494490880522
2001-01-16,40.22700583287579,23.756477037636028,-4.883596382669381,20.29016488968487
2001-01-17,39.58802940404082,23.566665059647843,-4.524829703193782,19.958031957977504
2001-01-18,38.68830276010919,20.61568262153195,-5.19199622321228,20.674605490921735
2001-01-19,38.23056238044417,21.261942359948755,-4.695698230890165,21.209011681520064
2001-01-20,38.06982033845798,22.842111972591198,-4.344489094031227,21.79308258410491
2001-01-21,38.523447221336156,21.037662125097356,-6.13196427288749,21.362922370701085
2001-01-22,37.4706965900794,20.72249353911369,-6.635668319178766,20.39656734902999
2001-01-23,37.84199772956288,20.654668081601546,-7.2271403173934194,20.0808604378808
2001-01-24,39.63866716099148,21.906802783689937,-4.833760369260746,19.345363452122236
2001-01-25,41.22517708118826,20.052230776608166,-4.944296038871764,19.62439325771276
2001-01-26,40.217431812839365,21.005840238671222,-4.721874624468569,18.350811785758445
2001-01-27,40.97166989814786,21.17212086017419,-5.063882320322265,16.85990438087118
2001-01-28,40.70377804921729,23.4989378359946,-4.888278827367294,18.76851450261386
2001-01-29,42.08344821413995,23.482153134074345,-4.186946024103413,19.645046759186048
2001-01-30,43.93919828968857,22.41745791291363,-5.5979873845431944,21.43853308769796
2001-01-31,43.27702575228756,22.462289055914678,-4.759938476678019,20.482408959339338
2001-02-01,43.896648710278235,22.00927659835584,-4.27160119783171,20.775810594354557
2001-02-02,43.721976355092615,20.257656425353087,-5.695204483722334,22.598701537734126
2001-02-03,44.7607508153157,20.43439978987383,-5.5909142345930665,21.277507328244766
2001-02-04,45.57638800985736,20.455564844106583,-7.563933739415325,20.290428036534177
2001-02-05,45.47810541613406,18.712850780714632,-6.181414486421803,19.721075035333648
2001-02-06,44.65868942493,17.189339026921754,-6.514838483271544,19.02773078020058
2001-02-07,43.91754223591515,16.02955267375964,-6.425219862621849,20.09547488275641
2001-02-08,43.81488233941014,17.038018282042515,-6.779378854028944,20.291297595336594
2001-02-09,43.873794254179316,16.951321310284495,-7.047773055239127,20.075224695221863
2001-02-10,43.996164270479895,17.067890548769224,-6.45228128812582,20.793987483793195
2001-02-11,44.0529650972418,17.646013720866446,-6.63283775383615,19.167696455568525
2001-02-12,45.1783561282081,15.208877645530848,-5.7977533500978105,18.964273614189835
2001-02-13,44.18809066225966,14.004120775868818,-6.811631027478149,18.112872233176276
2001-02-14,45.99543507527616,13.824248563918612,-5.831150510994437,16.51242043657039
2001-02-15,46.73296554005259,15.14630607540809,-7.2332919656001975,16.05086719026277
2001-02-16,47.78770754287763,14.808214489599623,-7.40418213294688,16.65766896038952
2001-02-17,47.154784239659094,13.249343165604593,-8.194623140444017,15.855450871834968
2001-02-18,48.13990743866266,12.422852307002252,-9.722861480511263,15.055177762213788
2001-02-19,46.89213224450352,15.060711429949063,-10.00640403194001,15.666759770061097
2001-02-20,45.023273583262714,15.205348355184235,-10.263055017299115,16.554539995480877
2001-02-21,44.84399349893621,16.074662908740546,-9.958665584186257,16.40246477640828
2001-02-22,46.65990444771572,16.31963105883339,-9.916663163617198,17.35646368765594
2001-02-23,46.06379096616566,18.42606976188103,-10.728546440593485,18.818809371042466
2001-02-24,46.702891613208294,18.86124008921412,-10.558855791265053,19.2347789101867
2001-02-25,46.616562110395385,17.74739141318355,-8.935011353565107,19.819057747650294
2001-02-26,46.290744013924176,17.169278279051078,-9.156108216959835,18.384607926537758
2001-02-27,44.00125698054613,15.104765283758956,-8.571036920401705,17.906918953644897
2001-02-28,44.61818376637607,16.69149599127782,-8.386895563274827,18.774429392027695
2001-03-01,44.56827249142591,15.83434587531751,-10.152972691047298,17.803676244934966
2001-03-02,44.88335133516902,14.400651883984777,-11.140392278622961,20.00192085102977
2001-03-03,46.00308413356111,14.136663711469318,-11.518197976639243,19.524569904570498
2001-03-04,45.687576508443755,14.3379599154686,-12.730042541360847,19.8283515105335
2001-03-05,46.112699065651896,14.813462012434305,-13.388779000257605,19.303333076715393
2001-03-06,45.657627061631985,14.12899176397325,-12.260994843914919,19.520068706530893
2001-03-07,44.1233909159743,15.262905726495719,-13.157806998013042,18.833393920202
2001-03-08,44.19596990838833,15.170161531933648,-12.198196660503475,17.908100929275435
2001-03-09,44.19745143613462,15.568078956059308,-13.383076082283637,18.058775632369883
2001-03-10,43.38417627176403,16.324708773016564,-13.747631408936357,17.4758358021855
2001-03-11,44.57400889334325,17.025953567684287,-13.357174558531025,19.14523435579254
2001-03-12,44.23718206072658,17.845889649429548,-13.293590597874731,18.91993192740718
2001-03-13,41.83550600074835,16.428234702459665,-11.620425244113179,18.561391796681214
2001-03-14,41.36360171378012,15.538490531144832,-13.206846208748123,19.47605657533121
2001-03-15,41.217922319952805,15.398525416189523,-11.479011278341394,19.20155808651727
2001-03-16,41.596969638381694,16.232569429525924,-11.174111411900094,18.32844044814916
2001-03-17,42.523082258174036,16.40571810189788,-12.455949953252516,19.937059607454575
2001-03-18,42.44684210615853,14.923701179534248,-12.567596536967436,19.017068754386823
2001-03-19,40.393931171196954,15.23188794038501,-13.557682198339432,19.571374055533244
2001-03-20,40.92419272407894,13.54898875687105,-14.1497813383097,19.81227293829949
2001-03-21,41.41642497907173,14.299141610142046,-15.733139489778564,18.64008987693503
2001-03-22,41.69690609016101,14.233040936995959,-16.690529058079992,17.512814074902984
2001-03-23,41.47676418465211,14.214530505060596,-17.452982925740677,17.67536667503534
2001-03-24,43.74988152067063,14.726999576384827,-17.33632520691774,17.75158857212608
2001-03-25,44.84647921941318,14.749398428559141,-16.673882547348157,17.80210380125121
2001-03-26,44.27489359312858,14.130654756861853,-16.43277836959914,17.23951072318507
2001-03-27,45.561458274947604,14.616034285188142,-15.920232089551993,17.52430382554081
2001-03-28,45.06983333841871,13.631351988298173,-16.154159393405568,16.19985243496791
2001-03-29,45.066012930885286,13.673803784784383,-16.094674694180483,16.781922427098095
2001-03-30,44.59213204003467,11.67864764977835,-16.623279337519712,17.336794051724073
2001-03-31,44.337652691139446,13.33842367662905,-15.521371687029268,15.080025494880212
2001-04-01,45.423046389158586,14.388443396083108,-16.000843054321567,14.763182578895632
2001-04-02,44.88219993932238,14.694770652390572,-15.980851577353794,13.668468344379225
2001-04-03,45.77991080443257,13.653283219528683,-16.990014925473304,13.649786874990157
2001-04-04,45.94082493073683,15.155225219879934,-17.626244976531265,14.383177046125722
2001-04-05,46.521496642054785,15.079521121946776,-17.97141308402629,16.51092813988796
2001-04-06,48.283209538300966,14.942030141905864,-17.891042156310103,16.38900615263785
2001-04-07,46.776744988564566,15.710273709910831,-18.311387402892244,16.070468704241648
2001-04-08,45.66967389551312,16.22066426192374,-19.70422853713141,14.014615404420743
2001-04-09,45.7432524597642,16.100965055714337,-20.936312158276593,15.350533070146763
2001-04-10,46.99799558722383,17.69086600814528,-21.093255287167008,14.152655246201828
2001-04-11,47.29256590525408,18.043816046146382,-21.619980540299913,13.927110011252374
2001-04-12,46.66675645976043,18.15998056703565,-22.71598384859995,14.237552951041762
2001-04-13,47.16592815041862,17.437413860763886,-24.627896971336803,14.33679677928502
2001-04-14,46.93809256121413,17.830365432614236,-24.936790123415356,12.891444848856636
2001-04-15,46.8503402583854,19.63553102441558,-25.947817203119612,14.347642728761873
2001-04-16,46.57181411848104,20.006395465450083,-25.54539043902409,13.887178248355244
2001-04-17,46.706682257297295,19.614192096216065,-24.630305096771224,12.482663552802459
2001-04-18,47.45923890601784,20.262778251861608,-23.62558139693681,10.206076918323523
2001-04-19,46.20797598051349,19.398065867235925,-25.148511512986218,12.134671055292902
2001-04-20,46.53539419854069,19.32515630479173,-25.197664576288396,11.804670116615771
2001-04-21,46.80255721360602,18.20021445455274,-25.75988988869097,12.466245629254553
2001-04-22,46.63903847765688,19.110967185713793,-26.80029992628025,11.042135240589795
2001-04-23,47.53133034320061,19.81928343750731,-26.527804748003334,11.355353989191885
2001-04-24,48.210129969455274,20.486558370278157,-26.04272882518909,12.891847367760283
2001-04-25,48.28764671361142,21.376728334131865,-25.608382403538446,13.454660741410564
2001-04-26,47.444037015408576,21.609278141401152,-25.375314197403778,14.6634179941223
2001-04-27,47.45764038667747,23.354157341657906,-25.280379332519242,15.106840879734005
2001-04-28,47.33464840329336,24.0885542802791,-25.87962471939101,14.669869493734025
2001-04-29,47.26375605617072,24.115773164614755,-24.78604294356423,14.894743944453186
2001-04-30,48.155342655301055,22.43651913072349,-24.13385008198924,15.045517306010305
2001-05-01,47.13313531737481,23.862858322741186,-25.416482422742707,13.985535754523964
2001-05-02,45.71832068974671,23.95722334424913,-26.613206644061865,13.840301747697326
2001-05-03,44.10142109866732,22.551468917097225,-27.272513585112765,13.854699675457375
2001-05-04,44.577206661191596,25.05770589959837,-27.453282629455412,13.547287273066548
2001-05-05,43.10273088881391,24.219237931707863,-28.137642054480686,13.430654174480564
2001-05-06,42.53180716345003,24.582515565492418,-27.90414762286501,14.148044909317399
2001-05-07,41.9715073781352,23.835651109147406,-26.86698695824407,15.930531027512005
2001-05-08,42.41483416007863,26.025201811051915,-25.78189016839147,16.355251676095726
2001-05-09,40.719780654802406,24.72587971453267,-26.712114746135388,13.889457428877376
2001-05-10,38.8156468564369,25.7073525069293,-25.636532496738134,13.940500094068781
2001-05-11,39.491540012985105,26.045656584888903,-24.13553197601162,11.848505460772756
2001-05-12,39.573360627209055,25.42678982302832,-23.27905425868999,11.284085951199595
2001-05-13,41.602494830544124,23.856320243999917,-23.587553966199184,9.504366381930438
2001-05-14,41.07377391676582,25.835519325753406,-21.972769448230938,10.070981632058539
2001-05-15,39.22227604883723,26.295152361324487,-22.47240065478138,11.084585744894492
2001-05-16,38.53383875637168,27.567784351839283,-21.83333345436992,11.67885714613458
2001-05-17,38.8041199339238,27.08536882624483,-20.12783507166606,12.066510445711813
2001-05-18,38.133247231783486,26.467755165758298,-21.092230253567905,11.595360190603483
2001-05-19,38.69361462344821,27.11871071923533,-21.69833890813487,11.961212294567728
2001-05-20,38.22694072227726,26.306296811415574,-21.822542179266915,14.458831865142113
2001-05-21,37.44223286233914,26.978792030981598,-22.493803777318444,14.607191411575819
2001-05-22,38.75664263321555,27.96822297426252,-20.58642939169018,13.99932610478978
2001-05-23,38.67126447343252,30.034074698378745,-21.21360376198958,14.089912148077753
2001-05-24,37.47735657718175,30.264008175890737,-21.68182728999718,13.365137208740519
2001-05-25,37.42903485723673,30.047101478659336,-20.6160377466245,13.755954697966956
2001-05-26,37.596727966978854,30.314533307983663,-21.09989453303969,13.680813259612757
2001-05-27,38.09569274733177,31.384723572996336,-21.697526406792857,13.434740017205089
2001-05-28,39.26276424731078,34.14368700535231,-20.3175688226376,11.176848304982139
2001-05-29,37.64974361905442,33.59178823859004,-21.41866459778449,10.91732756964201
2001-05-30,37.77371409008995,33.66825798708836,-20.670651741938627,12.481982214838267
2001-05-31,38.71350309599919,33.42567914962542,-19.596725554442735,12.926575371430127
2001-06-01,37.643207731145516,32.55102031925132,-19.880853836755488,13.792081413171665
2001-06-02,36.87795259851602,31.271738242314456,-18.507308275760227,14.25987245635881
2001-06-03,36.73997324928494,31.79313634040056,-19.788849747813128,15.747391860280752
2001-06-04,36.15296727783851,32.70509240779975,-17.972433858980114,15.50782893862951
2001-06-05,35.28577117514077,33.70574895375745,-17.973449441621597,14.952773195288957
2001-06-06,36.643667270342355,34.76100052520055,-16.476998975261733,13.728753768023676
2001-06-07,37.67368754030552,34.40971582573044,-14.928254779098543,11.885929665014256
2001-06-08,37.81419986337742,33.48722793866463,-15.090467184777648,12.622452673414072
2001-06-09,36.04929217765997,32.57323935075967,-14.440478882736363,14.12901715123953
2001-06-10,35.697189247010556,33.55523106728331,-14.6551162770101,15.522959413307332
2001-06-11,34.71867076750556,33.60160246849294,-15.653946074699519,15.52568972359478
2001-06-12,35.076670218747,31.820615147298764,-17.07460922373431,15.455069094970197
2001-06-13,34.27063622834723,30.46305053798854,-15.814005706019069,16.161835014994427
2001-06-14,31.76348713752448,30.711536901508023,-15.19970893733421,16.868770607152026
2001-06-15,31.98906183635551,31.193325491107096,-15.476971606514073,18.238089731544168
2001-06-16,33.86954927055234,30.416595234456754,-14.479486376184989,19.410785938306837
2001-06-17,33.78886373218276,31.185066208513394,-13.630170299074464,20.206338378569676
2001-06-18,34.642965095527956,32.73653621935278,-12.231785233079428,20.31343399579694
2001-06-19,33.51470388940813,33.74283869423938,-13.312311411179227,18.37863904146826
2001-06-20,32.39462578196424,32.654294149121235,-13.903756227568383,17.37231282995105
2001-06-21,32.28090231209185,31.44719773523326,-14.738072145372014,20.158746794299834
2001-06-22,30.564685472244914,33.61656241559487,-15.275045101595337,18.684127872971043
2001-06-23,32.55383567786464,32.92814476745656,-15.849353538560498,17.693720085792418
2001-06-24,31.0363534557048,32.390755867690494,-15.75965931364586,17.165610135302217
2001-06-25,30.556665924894556,32.917383659450884,-15.373853303833966,17.244869156562018
2001-06-26,30.04045747312927,32.238797656144214,-14.276790102239515,16.750399829473878
2001-06-27,30.91109956760618,32.131420494839716,-15.310294665651924,17.413182532494744
2001-06-28,31.665060772670362,32.17704874755513,-14.718407080539128,15.700531570103298
2001-06-29,30.932174910843553,33.26105363468773,-14.655833979262189,15.440479617067568
2001-06-30,31.197995371977854,34.420303925966586,-15.054212531404657,15.951802119049509
2001-07-01,30.95039604334608,34.15713877353072,-15.57702924167298,14.997470298532754
2001-07-02,28.984034280423927,32.57767462131776,-15.580017838459684,15.641064093274416
2001-07-03,28.317513690445534,32.132557041381354,-13.77384873374449,13.878624066860345
2001-07-04,30.74374539294836,31.706081645778895,-14.055680751549293,15.944578257380893
2001-07-05,29.418305898441005,31.76786769063068,-13.688794536517234,16.558625710708668
2001-07-06,27.372626299801052,31.494976609322563,-13.098214949572139,17.02653170546252
2001-07-07,26.62434410735469,32.292396997180475,-13.592695785782029,17.413789061478603
2001-07-08,26.543036208789104,33.141171982100744,-13.51236033317888,17.906342197210293
2001-07-09,24.076607679325555,33.25236267415128,-12.263956288108892,18.26162868193369
2001-07-10,23.973901271153267,33.24777276343184,-11.632087892106323,18.17204315809715
2001-07-11,24.45139575967865,33.08556515112106,-10.511729848255515,20.30633290458014
2001-07-12,22.997372779109682,32.311603457965255,-11.571664058064233,20.00025426959228
2001-07-13,22.418768590660864,32.311884164369545,-10.705016074941842,21.168837852698086
2001-07-14,22.259375506985357,31.96220426084242,-10.825720374223438,22.06402726744741
2001-07-15,21.92417161195342,33.877400862129115,-10.504837223937457,22.505882745164328
2001-07-16,21.557557634184388,32.18372696237809,-11.368902639059494,22.039391576861796
2001-07-17,21.40978111075958,31.16471413855072,-11.952985441535592,22.375158304930792
2001-07-18,20.703823557561385,30.89040654722341,-10.21662889345915,20.67980986647664
2001-07-19,22.24830202503004,30.62206537048137,-10.694825389124032,20.025522767738313
2001-07-20,22.71661630654027,31.680195347902295,-12.993534498548442,21.238682571220085
2001-07-21,22.744180151790438,30.61627742616842,-13.699461839126903,24.462839921084225
2001-07-22,23.35601537263612,30.759450352323285,-15.318401874974047,23.256156345549773
2001-07-23,23.721476018818876,30.75727681411114,-14.283318935809664,23.257515866776465
2001-07-24,23.948978828002762,30.76019695809498,-14.192975132829217,24.418747668305638
2001-07-25,22.649159884478728,30.63375165071524,-14.08679588078757,25.810371066148242
2001-07-26,23.500016980089953,29.947651237489236,-14.317070148992707,24.582636065420893
2001-07-27,23.142089454157517,30.391830962059924,-15.187297283527512,25.59931807628093
2001-07-28,23.61740535116082,29.616571248976477,-15.644485199900574,25.108825938172476
2001-07-29,25.445232668110926,29.94038564013571,-17.163258398630255,24.518025947335694
2001-07-30,24.70568566237556,30.829845686908907,-19.531550143057427,25.026186244822895
2001-07-31,25.077686858018215,31.32729156627376,-19.9846741796908,25.350786727840067
2001-08-01,23.818895151060286,30.615762742596992,-20.48812002514747,24.40605119764747
2001-08-02,24.753374977249933,30.314962576526348,-21.30037544258323,25.474201337037616
2001-08-03,25.512236972195005,31.13797048521439,-20.574745338665075,25.15869154899573
2001-08-04,24.600604189127537,32.15708826143234,-19.560993402356765,23.605302926045
2001-08-05,24.41502142974853,32.29523618397018,-19.557330114637118,23.047150019367834
2001-08-06,25.648319058818974,30.918474792920808,-17.717654107977644,22.09755142880165
2001-08-07,23.58907720992201,32.15388159518193,-16.810518331949197,21.94868105855331
2001-08-08,24.791336904286688,29.461259527018534,-16.947085716104333,21.93265296945199
2001-08-09,25.02988790999888,29.697716784722893,-15.550595655370634,23.063204332263904
2001-08-10,25.05857813350565,31.242978537735198,-15.176510364684814,23.875641860446716
2001-08-11,26.2857844548865,29.784434282528508,-13.243459955223056,24.171917455059393
2001-08-12,24.975911785755024,30.59249088188175,-13.781383417883584,24.160233995955227
2001-08-13,24.878202222245857,31.39190233981821,-13.51452697868011,26.3771050055503
2001-08-14,23.49122381269301,31.169622626892732,-13.520689531545338,26.37944218661124
2001-08-15,23.293151635178763,30.786501158089838,-12.122241466987806,28.339093961198056
2001-08-16,23.723627459237626,30.741739346955363,-13.194322904308224,28.55510737416471
2001-08-17,24.247670269054197,31.947631451547103,-11.583284807806933,28.0046401967679
2001-08-18,22.619094912347276,32.080328020879485,-14.382465377014174,28.814829716454817
2001-08-19,23.41752691430057,32.83233531957903,-14.722911229517509,27.76425731129462
2001-08-20,25.27599732280285,33.29182910003423,-12.622638514242354,28.653084025469887
2001-08-21,25.57381696704121,32.87638382839629,-13.423607327582546,29.581608322597386
2001-08-22,25.96116635491246,32.03465694704057,-13.659138502755948,29.951002290383098
2001-08-23,26.156508435705515,33.87476959145715,-15.660527564189886,29.32277539393251
2001-08-24,25.896641427426957,32.19769608916461,-15.606963998734525,31.055901746978087
2001-08-25,26.70028197749887,31.73773291646693,-15.574267354493715,31.619897232065735
2001-08-26,26.50356504521017,32.43247776537349,-15.804698543346248,32.41901147770023
2001-08-27,25.598511796320974,32.53886210902328,-18.03624968178571,31.56918566749302
2001-08-28,23.757198251778835,32.95085251006139,-17.832546053912953,33.90883080200339
2001-08-29,24.35537877636479,33.36796312269794,-17.189674791217186,33.29548739797985
2001-08-30,22.289079283807464,34.23688749410588,-18.42942780283213,35.21885532012389
2001-08-31,21.013843465545555,35.14380653740114,-18.429495298334793,35.67155421589101
2001-09-01,21.07416884656662,36.088903448454595,-16.972571919054005,36.20176126291652
2001-09-02,20.902441560587455,34.65209220532499,-16.68013755643193,36.654944950496414
2001-09-03,19.144600355293313,35.648013465255644,-16.47163279213374,36.8223456801061
2001-09-04,20.988592960945745,35.104244003818124,-14.806508227196645,34.877789704610294
2001-09-05,20.971068879597695,35.16087468195458,-15.053064118813403,35.44462754159402
2001-09-06,21.210959977003935,34.77686614411211,-14.611085117745677,35.3154341681451
2001-09-07,21.102302966437687,34.936458717602804,-14.50295588065533,34.65339141750908
2001-09-08,22.59520256253804,35.94402309276187,-14.785276604289967,35.243334772527305
2001-09-09,22.858864892612065,37.51542428630261,-15.858823323884492,34.440564152867985
2001-09-10,23.59647109983778,36.81466670691692,-17.565067543486776,33.78538736845924
2001-09-11,24.155576201862058,37.60879668959598,-17.950318574602274,32.535502808024816
2001-09-12,25.14580806421584,36.864525665764255,-18.43861120746661,33.62419870700124
2001-09-13,23.898875362965914,38.00804451559594,-18.841611812997833,33.33198041138336
2001-09-14,25.23378622017086,38.98268503621572,-20.840501396889525,33.98552841658669
2001-09-15,25.408518516101918,39.50183591612805,-21.240420769915712,34.82222450569913
2001-09-16,25.282524788051578,38.55874395410701,-20.40913665984702,35.79818311516797
2001-09-17,24.84483611896178,37.11698351372699,-19.89269393175275,36.29386808409601
2001-09-18,24.211278184101932,36.16561882738507,-20.48947389676775,36.47252721963715
2001-09-19,24.389163641087556,37.89851445396316,-18.671397640527452,36.84770068582792
2001-09-20,23.324038617211833,37.94633701190802,-17.372226590641784,36.42572098783324
2001-09-21,22.82874643531498,36.747937178104124,-19.010128362308535,36.14722577808655
2001-09-22,22.394279841455646,34.806715198431846,-17.89345354550494,36.785783605709575
2001-09-23,23.36807918069957,34.224589002885544,-17.896826022089808,36.590571131037656
2001-09-24,23.18435021898162,33.855918521376815,-17.17334609932829,35.075249921934784
2001-09-25,23.61620398764833,31.323904795849852,-18.15751509186165,35.221152741427844
2001-09-26,23.63288789861488,30.356101451806673,-17.882602995341365,33.71358962031949
2001-09-27,22.03267801355416,30.908686741984145,-17.98780812975515,33.13859730664237
2001-09-28,22.5443137541298,32.92771318417732,-18.98822211208903,33.66371496772399
2001-09-29,21.739349957663666,33.27410183945773,-20.2560254352664,33.79634775203497
2001-09-30,21.744230157584088,33.47770463466987,-19.849956817072144,34.242680943627384
2001-10-01,22.252894882876816,33.49299610767705,-21.070756120434815,32.837933450930514
2001-10-02,22.825332343253255,34.56857507200833,-21.078386529748105,33.15676773578724
2001-10-03,21.45463420747614,34.609297001243085,-21.36051815426555,30.295096737229265
2001-10-04,21.217152220732892,34.58262902493612,-20.660321063168148,29.490397339039312
2001-10-05,19.520650621659406,36.47466868091434,-20.95273984504819,29.53500057223891
2001-10-06,18.49879951912162,34.72375471158088,-21.89230615564668,28.700588866072845
2001-10-07,21.06791243595126,34.861928734174256,-22.63584482289437,28.385517481322793
2001-10-08,20.983714091213567,32.87734491532951,-24.01416779899647,28.0883179103001
2001-10-09,20.697400403728206,33.65090408198203,-23.235813925562823,29.06877079424915
2001-10-10,21.647685641054853,33.3670489180327,-20.945170895096837,28.78841561934115
2001-10-11,20.106535922417763,32.3355791802924,-19.64591152112872,28.62216539351325
2001-10-12,20.453055763131616,33.17989044527007,-18.940170244791766,27.266436587626036
2001-10-13,20.631430914673537,33.28084957430315,-18.67707589765125,26.985022721955332
2001-10-14,21.25389294026613,34.170477784406906,-17.402895611487256,25.81137914802195
2001-10-15,20.51507544848284,34.610032320303496,-17.330398476589806,24.178505970294385
2001-10-16,21.755876998229812,32.541689974513076,-17.211453593981076,22.641128856390434
2001-10-17,22.480681123179348,32.12324936592426,-16.024893793277606,22.939530178218455
2001-10-18,23.765105391415165,31.145396340185886,-16.915666170433692,24.222639722023164
2001-10-19,22.68904722563632,32.07735259297078,-15.781248162551822,23.396075201389625
2001-10-20,21.32745055512321,34.38033693835424,-14.542957938501814,23.491607936815527
2001-10-21,21.606802106083308,33.15319789149079,-15.02244869462747,22.986074735338924
2001-10-22,21.407885814038423,32.73567463458105,-14.982383153207433,22.348000054986045
2001-10-23,19.180394460221876,34.968214661271496,-14.174118697826263,22.03742191471357
2001-10-24,19.95860682552203,35.355537372133234,-14.68427489533177,21.160437525909252
2001-10-25,20.777050076016454,36.87924158780637,-14.696982519354428,22.545977557910103
2001-10-26,22.879025793217437,37.98805251103273,-13.667344270508075,23.708741557085883
2001-10-27,22.9059052683462,39.343020144968946,-13.840709038193241,25.847888412352596
2001-10-28,20.771660653657904,39.32100137888807,-13.533904819972767,24.694810690079144
2001-10-29,20.559147325157852,37.99446103981782,-12.763508255818596,24.331426739524876
2001-10-30,20.34717847500006,38.14057921128849,-11.473078765466862,23.9512742194181
2001-10-31,21.03262550605269,37.82031202848226,-12.645311012881493,23.713561873215532
2001-11-01,22.264992211627845,38.70815428789057,-15.03976898562499,22.87075330324124
2001-11-02,21.26814306084232,38.631840184065,-15.852977877087866,23.415410050107667
2001-11-03,21.270021314903957,38.44576170570637,-15.83962154949319,23.594098546562947
2001-11-04,20.181214607353134,38.428126430833615,-15.211077800328159,22.901286611035008
2001-11-05,18.949294831120262,37.771485218362116,-13.186204290814976,22.64286490540292
2001-11-06,20.424731729890052,37.52297101000175,-14.546701872755415,24.601832567407698
2001-11-07,19.94698469412438,38.886105998798215,-15.531222122505575,23.3006965518936
2001-11-08,17.84354918139107,38.93472863392388,-14.564119748617214,23.513976825869268
2001-11-09,15.225346963272722,39.53627631791679,-13.91279676200551,24.49446410935142
2001-11-10,15.583155417280285,39.546836851875106,-13.364218622049805,24.35523359518083
2001-11-11,14.366809592774082,39.96191483573511,-13.557539281561661,24.732088189913014
2001-11-12,13.126750169130734,40.115891262131875,-15.254876177742428,23.96983576364537
2001-11-13,12.742608287646195,39.89051819121245,-15.025451344161361,25.11505949922311
2001-11-14,12.355838287307607,40.234145613907174,-14.913851523111338,24.024132778998368
2001-11-15,11.850041173562003,37.67981864429109,-15.68282845102599,24.455635412682604
2001-11-16,13.779097927166605,37.74386167308449,-15.70479999339287,24.76970701849291
2001-11-17,15.044207747498827,39.9044867292164,-15.272783728549856,24.02597458880266
2001-11-18,14.706165395282317,40.77200048920037,-13.610867241405368,24.468363698943794
2001-11-19,14.147191023381422,40.0621285790489,-13.7810871896443,26.353847431396613
2001-11-20,13.499261057596097,42.72015893621665,-12.939188769050366,25.452807146889253
2001-11-21,13.489426470953067,43.388384538049635,-14.95919372120466,23.89012452932991
2001-11-22,12.24749923419079,44.03269708152457,-15.444188450438318,24.964707834552033
2001-11-23,11.012541168994026,43.10983349210318,-14.995777715754636,24.239611328762187
2001-11-24,9.97002614223097,42.180410868680625,-14.037645677562193,25.17630085062086
2001-11-25,11.076703172537439,41.43112273751625,-14.300663677601188,25.62618757842093
2001-11-26,11.337321194235559,42.089559768394906,-13.967060993260308,23.816006956769346
2001-11-27,10.616989005453267,41.146968872309365,-14.770017906656058,24.175725245694537
2001-11-28,10.924240014456444,41.57021536086446,-14.603436740712144,24.23237142190753
2001-11-29,11.14787304098977,42.88547365576623,-15.856319388980435,25.62331304851673
2001-11-30,10.108258676141697,43.12036044014251,-16.206639638548438,23.645856031894994
2001-12-01,10.82294288892848,43.73487529560794,-15.618609094685102,25.25774796449509
2001-12-02,10.66351118567913,44.50654750570438,-15.896672144875458,24.35496350238099
2001-12-03,10.082019280226191,43.22200270815935,-14.629362095680097,24.390580537049825
2001-12-04,9.527555817652855,44.75614120919142,-14.351340415240342,24.51100663885438
2001-12-05,8.881372602929225,46.17609432379431,-15.636822617166835,21.940903571348635
2001-12-06,8.723088304360441,46.273466702591456,-16.778784664539767,22.68623648520655
2001-12-07,8.732183761851182,45.35525614578548,-16.501183246415884,21.48988284423316
2001-12-08,7.874294773631086,45.43844418471605,-17.071702378326076,20.694354959805203
2001-12-09,6.894674821889587,44.51445458504794,-17.282866982638396,21.664778240246378
2001-12-10,6.294284089277054,43.713867022939944,-14.612863363227756,20.583535032137128
2001-12-11,7.936737414159781,45.27730124510131,-14.004170323442237,19.845921287597736
2001-12-12,8.624578696282661,46.85129609408463,-15.220940062923457,18.0315286353757
2001-12-13,7.294922471312392,47.59663575690788,-15.057600366764406,21.195497062889572
2001-12-14,6.806630874437249,47.586020383901825,-14.673560892756434,18.829314877795735
2001-12-15,6.934744111908651,47.77841085856358,-15.12873179888294,20.88759715843955
2001-12-16,6.456820775260609,47.7958736937365,-14.218944577395513,21.630476893776525
2001-12-17,6.375927338895372,46.92419643975001,-13.758943127380709,20.95869174083043
2001-12-18,4.361063937287709,47.1440477005406,-12.868894785187031,23.778352345899794
2001-12-19,5.198926481055443,46.754588588389765,-12.168296504006094,22.07866680517773
2001-12-20,5.746931799004561,47.86798777245669,-14.091855537979082,21.88489414702419
2001-12-21,6.828295734798212,47.85169019795211,-14.013553614392265,23.153833585613633
2001-12-22,6.002464250810052,48.260860487602734,-13.648544893073742,22.33202721032961
2001-12-23,5.829240619796612,49.187802671052516,-12.04653477138569,22.081676154110124
2001-12-24,4.934171622228565,49.58371793585723,-12.670760865745523,22.694540723419014
2001-12-25,5.28962710290088,49.267924839908666,-13.961960962114803,22.273271001501193
2001-12-26,4.8689357931008574,50.14513555260035,-12.963031036747548,21.34421052180377
2001-12-27,4.032770917154249,50.112907255612996,-14.44311917895561,21.930346873128503
2001-12-28,3.633354138268985,50.73231934053014,-15.601424124513802,21.20889409693242
2001-12-29,3.3708424057642468,48.88353102126038,-14.561643301687866,21.045665285729797
2001-12-30,3.2496323966395306,47.21144126266004,-12.111479071524224,21.646336177033795
2001-12-31,3.1616370814840806,47.04791436196361,-12.23299074596743,21.85844803465625
2002-01-01,3.435696088941173,45.98503860268879,-14.411328232852991,22.807071824131732
2002-01-02,3.9223409257279696,45.63155928367075,-15.009791878313495,22.12586410798852
2002-01-03,3.389943410254251,46.23099362978401,-14.74713161180769,23.605373768361183
2002-01-04,3.839279542216948,48.05669592458644,-14.680873250315218,26.201857407221958
2002-01-05,2.5008825007504853,47.19102023047311,-12.556980965150382,25.985971533110195
2002-01-06,3.555205267556473,47.895463672990786,-13.084846894249715,25.9188356470835
2002-01-07,3.29192280187089,48.622693340750594,-12.634651415444196,25.29079987895303
2002-01-08,1.8712057837149478,46.27972388148015,-12.719776974149486,25.071122754753272
2002-01-09,1.5703542549847407,45.31416059972325,-14.720723636040107,25.600378397518686
2002-01-10,2.8895263885484717,47.01216165898425,-15.385624648319999,25.662293300052614
2002-01-11,5.15611361314864,46.68435418774589,-16.206319902067733,26.780575499092585
2002-01-12,5.392125935012016,48.36239881347855,-17.45373645597082,26.409350153912456
2002-01-13,5.819729322331859,49.54131142323942,-17.45040160815468,27.43094774698912
2002-01-14,5.214217944984981,49.89060168094381,-17.573002313501515,27.052671040620115
2002-01-15,4.244078747484303,48.80970913511134,-16.849515486993845,27.22780684135328
2002-01-16,6.255361293851773,48.778874130165796,-16.718587520038117,24.623308637806705
2002-01-17,7.429200342330521,48.07057184754344,-16.287772669205967,26.636920351146724
2002-01-18,6.475554710071784,49.95306422737316,-15.149086798721124,24.843915016990525
2002-01-19,5.201017779784552,51.27995251914985,-16.466994714729037,25.092092403721193
2002-01-20,4.883621665014611,50.849988870087856,-16.58131499291163,24.13279051045291
2002-01-21,5.553977794496074,52.44667431697699,-18.188014244329096,26.10704288146158
2002-01-22,6.754182482339314,54.00693666539984,-18.029069003069893,27.597694140418874
2002-01-23,7.755117070847613,53.82086060066958,-17.98870876615347,28.13437102742657
2002-01-24,8.559807933216941,53.29616428791085,-18.715034979533336,28.670241269647008
2002-01-25,9.10765095376851,54.00247223701457,-18.85979028453737,27.72605786276958
2002-01-26,9.12335068282086,54.72610136371005,-20.566243686379817,27.513788811888073
2002-01-27,9.684385812818823,56.45713487523082,-22.698909032942723,28.266550013145302
2002-01-28,8.253757192359489,57.04616189161823,-23.628016829600828,28.56030655234227
2002-01-29,8.774141669713064,58.697398265086804,-23.893293240003842,28.17008984412157
2002-01-30,9.537988452217029,57.76282200460144,-23.731785353782257,28.278705450476625
2002-01-31,10.729300934519499,57.90790791899021,-24.307021799866426,28.9946942891382
2002-02-01,12.367952646891343,56.422106616881514,-22.94345858622781,30.644884333030486
2002-02-02,12.885574776463951,56.68975502880351,-23.310008122226353,31.197817385209767
2002-02-03,13.355182564505869,57.038436748077565,-24.16246874052297,32.10162198098098
2002-02-04,12.469724716223725,56.42898932615216,-23.104172716773064,32.128373723464776
2002-02-05,10.895046009712825,54.905592975735594,-24.45357854327412,32.101758296620424
2002-02-06,11.819750352373914,55.376763910928794,-25.19793730694337,32.249793184141495
2002-02-07,12.938670577140758,56.06899701536597,-25.897247251630027,32.59430341357107
2002-02-08,14.147348416764618,56.40791285700254,-25.549621878950095,33.25706128430779
2002-02-09,14.141509512810254,56.63178998465369,-24.585410427474116,33.25818866112304
2002-02-10,13.339160815631754,55.901795045176726,-23.227677644618154,33.725888993205395
2002-02-11,13.43410155396572,54.171660920295444,-24.592033258016244,33.61213723267979
2002-02-12,14.138423634145513,53.25098543692054,-23.92210637386599,35.0077821123314
2002-02-13,12.750903517254802,56.24776250556545,-23.527120818600366,33.74070271334034
2002-02-14,12.164778445576356,55.78724194391267,-24.011050935180986,34.55506675258565
2002-02-15,11.810241266129328,56.8165235531865,-24.931657347180153,33.78039770945794
2002-02-16,12.854811555120763,57.65930374725809,-25.132976614878956,35.063722075417424
2002-02-17,13.540845943159464,58.17663205720901,-25.753710287279034,33.9093783802407
2002-02-18,13.818760839479951,58.830647838943214,-24.214647674439334,33.59437263007124
2002-02-19,14.450791715129448,58.772963934879854,-24.900181266148685,33.5263243218488
2002-02-20,13.956506178497817,58.464194309966864,-23.95360603749804,33.9650743028363
2002-02-21,14.532620253760925,58.8091830582813,-24.633304842481344,35.67041706377377
2002-02-22,13.920063076665603,56.557061128688005,-26.680684132574385,35.281724803251635
2002-02-23,16.019395001785256,56.992297960403064,-26.44906597111688,35.83732833149154
2002-02-24,16.012397975391764,56.93746107929218,-26.79871101557184,35.62220111584896
2002-02-25,16.10598848075173,56.85193674521667,-28.604075749615856,34.20257262552199
2002-02-26,16.343362318680462,57.30016913402972,-29.360938716219398,34.00466063793484
2002-02-27,15.60069175521233,56.88641714734816,-28.39541647265007,34.63996155639266
2002-02-28,15.083267294564934,57.01538379852825,-29.04078101575599,35.86594731021303
2002-03-01,15.00225973605546,58.238842014944204,-28.568759958070576,34.44447693657385
2002-03-02,14.403962933573435,60.15032170031973,-28.847144315951724,35.19625033713315
2002-03-03,13.708150593487936,59.65458631878025,-29.354832063737945,35.630281091597915
2002-03-04,14.544016547392483,60.06133983470784,-28.035526488404983,36.12853595299904
2002-03-05,14.822376104859918,58.3128931231207,-29.49679359443032,34.624407762485745
2002-03-06,14.34145539966823,58.28404320033058,-29.935071175294397,36.009995811734846
2002-03-07,13.372142252359769,58.31908595802784,-29.75346352692321,36.557291163952335
2002-03-08,14.094131230193167,57.42765210641272,-30.84618472480873,36.71717000812404
2002-03-09,14.744342988941925,59.59437010500049,-30.654278924553413,36.575244147143266
2002-03-10,13.56215797250755,61.31160421215069,-29.17310381475054,37.181867714486664
2002-03-11,12.7632133326909,61.280163661054765,-29.806998665448383,37.046184618805675
2002-03-12,13.147857750254628,62.34428316545839,-30.418878112869255,35.93120231039463
2002-03-13,11.715607222358953,60.53886783559254,-32.722953351119,36.664358461205886
2002-03-14,13.086502349348844,62.13892822915778,-33.85714806054543,36.35381132621766
2002-03-15,13.14097734931482,61.762014046727046,-32.601829444207766,36.56696245928109
2002-03-16,13.218723497249515,61.56856157459503,-30.68943374412436,36.10545752469308
2002-03-17,13.429399413867138,61.57431517230604,-29.87033387257404,35.45380728635568
2002-03-18,13.362642736133909,62.62788824950367,-30.69274656035915,36.431628966852045
2002-03-19,14.76327212552437,61.95314290040334,-28.853186972648093,35.39271320967103
2002-03-20,13.660486453220635,60.24740719783043,-30.72265712928671,35.66689168642382
2002-03-21,12.84843650234452,61.0965223309836,-31.926016852497725,35.20444467636526
2002-03-22,12.674114078658238,59.959040899442435,-31.722218981348348,35.43130916674242
2002-03-23,15.211852262897187,60.1006739306013,-30.955633694207293,36.545432098928906
2002-03-24,15.782456390657561,59.47197660192157,-30.981820144074973,37.245867679935685
2002-03-25,16.757220851159094,57.16675436214881,-30.82769957979002,36.914132834515954
2002-03-26,17.028964677705428,56.95958050305934,-30.04356556000415,37.16384830972094
2002-03-27,17.404812621444957,57.97993869471406,-30.136683106297845,36.83573673323995
2002-03-28,18.333950358532345,57.75139017023622,-30.058203899554552,36.970957541192185
2002-03-29,19.11161665698907,58.5334498961074,-30.17495073329313,38.021293183886684
2002-03-30,19.270712262679734,58.85430837593009,-28.93143592327096,37.579846011890545
2002-03-31,19.42572065549354,58.32530282862002,-31.129822589402714,39.384383495629514
2002-04-01,17.48973106995708,58.366377896454075,-33.03616948387336,39.35089057951643
2002-04-02,17.631577149190527,59.13939102813647,-31.715665807360363,38.646135807094154
2002-04-03,16.827241109716947,59.03770777730883,-32.259419574367854,38.10656985390661
2002-04-04,17.498112177265394,59.48154900552759,-34.039008635735925,37.82479213892741
2002-04-05,17.698644755466997,58.572446840627,-34.16844727306169,37.40828874830719
2002-04-06,17.200799691151612,58.73674352266199,-34.07271289530674,36.21063540713095
2002-04-07,17.223353121922667,58.98884874742465,-35.0392346895702,36.7792827007113
2002-04-08,16.65905486515576,58.40535935815444,-35.30281129664777,36.586111887532944
2002-04-09,15.46905395045344,58.64244606954143,-35.30390041549726,36.93028482714541
2002-04-10,15.815901399751379,58.33953230914318,-36.48778795958843,37.07323323248276
2002-04-11,14.903642853864051,59.51230842735445,-35.61924928311422,35.11315996062488
2002-04-12,14.369061302244152,59.24335140441086,-36.16618233361311,36.83862867721129
2002-04-13,15.616428684132073,58.7169386070954,-35.068464962235964,38.60263695413013
2002-04-14,16.307235391324955,58.44882043858829,-34.09175046093172,38.08447850918197
2002-04-15,15.67238799919277,59.17391738761931,-34.35397970969024,37.8638313756906
2002-04-16,17.1562642650772,58.834935749055944,-34.25460335969666,38.548549890813845
2002-04-17,16.83798881481765,60.06721879956637,-33.73301509376893,39.40706543190096
2002-04-18,15.664998371229194,59.731932925009716,-34.949102048502965,38.523829838568865
2002-04-19,16.33561457080919,59.25008970930283,-35.080658876249174,38.002648377482934
2002-04-20,16.48718067867173,61.093435045024826,-35.44259169983666,39.95844319996148
2002-04-21,17.07861143735657,61.309141985816865,-35.20051195434377,38.69675536406349
2002-04-22,18.93571756358987,62.37998963412762,-35.89727413219038,38.96396870043005
2002-04-23,19.476254265664743,61.75918398657995,-35.05689158168201,38.48758568818801
2002-04-24,19.528017835929802,64.11670040472677,-34.73524631140861,38.46375289476128
2002-04-25,18.013763050647725,64.00627908489845,-33.62390472883309,37.90832035108908
2002-04-26,17.930405354136845,64.37948093488416,-31.141718092367856,36.8626980158664
2002-04-27,19.294537629860486,64.5421091395898,-29.193968019365617,37.79405951716908
2002-04-28,19.312334193192694,63.29062925398387,-29.23705594331446,38.492518135230725
2002-04-29,18.187224680523236,63.60966797184022,-29.421952811410822,38.89839118078938
2002-04-30,17.895921666258108,65.03214991009511,-28.592613198112975,37.623058859764484
2002-05-01,18.95661457045984,64.39597165800345,-29.96759383207532,36.618317752661675
2002-05-02,17.35872562128052,62.04409541262816,-31.188624920489247,36.65852496050351
2002-05-03,18.095574730592404,63.0056531719405,-31.74331149909246,37.473904575155096
2002-05-04,17.85935175679989,63.18622532290083,-31.556317362347954,37.71764655863063
2002-05-05,18.185162940345418,62.85365070275067,-32.563140474000505,37.842133206478735
2002-05-06,18.3704824055671,61.45537328049107,-33.600773382127834,36.99499445959336
2002-05-07,18.272996492571536,61.97792036372479,-33.207232334829065,38.30405902307989
2002-05-08,18.231337311312934,61.30259148964974,-33.178992784227326,40.53710863065901
2002-05-09,16.46040511201206,59.91049577511123,-33.05174278025585,40.353808870874374
2002-05-10,16.187821452308565,59.281173846070516,-32.878587229945545,39.952494820336554
2002-05-11,15.139639366359368,58.57671666559008,-32.85615942581932,40.21676199824167
2002-05-12,16.708009972161165,58.97657015652794,-32.25416537902493,40.47831761184955
2002-05-13,16.309137137374854,59.4395402866881,-31.86132051638156,39.49678740497242
2002-05-14,16.420362182525597,60.02218931431863,-30.707953974667912,39.882018667616826
2002-05-15,16.630911567985176,61.4330637991854,-31.80927573420217,40.11583947479289
2002-05-16,17.171437565407498,60.3894197953489,-32.32531693177098,38.2937537048213
2002-05-17,17.142525897697173,60.300264232467995,-33.2909222464321,38.598836517342086
2002-05-18,17.469308338792597,59.58350440612928,-32.7488843149897,37.83760155810533
2002-05-19,16.883321685165733,61.05343231452356,-33.60022408602619,36.730395935865616
2002-05-20,16.695906724778705,61.07246349352457,-34.505998754677385,36.03702694674017
2002-05-21,16.98450183105029,61.175132164548714,-34.804453848746576,37.13859957042873
2002-05-22,16.77712006174689,61.87176181507531,-34.584180963994434,39.21644026986707
2002-05-23,16.590235456700054,60.17412169860009,-33.68713098109947,38.44350245692981
2002-05-24,16.805801152883415,60.00479565316441,-32.632398425005704,38.71895647351787
2002-05-25,16.913813168318907,60.11516462936222,-32.81209285874559,40.10784608126986
2002-05-26,16.181000654173708,61.27951726623225,-32.84528821252848,39.925737209403316
2002-05-27,16.63316700931959,60.68150259968265,-33.876957818486446,39.390014023188
2002-05-28,18.094543925237033,61.69613780144138,-33.0004226518736,39.194380686199914
2002-05-29,17.45429967192846,62.40239756627449,-33.17626905678281,40.38033329154342
2002-05-30,18.8147440418866,61.859982606827856,-31.231642339668742,42.008025054858365
2002-05-31,18.400802035503833,60.83782399875857,-30.886297989569986,42.9172386029404
2002-06-01,17.784432074809178,61.596758209456915,-31.580817051458645,42.57404291137238
2002-06-02,15.977956558065216,60.213619059016665,-31.729737877777062,42.5905760885753
2002-06-03,15.97222861740765,59.94684287490166,-32.1023071331982,43.00528923189996
2002-06-04,15.54543588474122,59.2267593450099,-32.366819780344635,43.38284159823092
2002-06-05,14.597403547357375,58.71698113721087,-30.815257783067924,41.71231728708126
2002-06-06,13.018863189677369,57.45890471169401,-31.78973335629096,42.36579550157481
2002-06-07,14.60918261553821,57.3762708579696,-33.10588740669408,43.06232795796046
2002-06-08,13.091878407794654,58.66268358997879,-32.267003979161906,42.962091335087564
2002-06-09,12.960205734201844,58.94539874005321,-33.147068263206066,42.37788805152483
2002-06-10,12.544623601111283,59.665186916423814,-34.89479968271622,40.97088024744416
2002-06-11,12.145866874671526,58.37340646213194,-35.029084166655046,40.53117071312005
2002-06-12,11.189202909658206,57.38249222292222,-35.343037331167736,41.13110997683515
2002-06-13,10.791966234639593,57.42237407671818,-35.507439684705325,40.57758828508286
2002-06-14,12.169028697195591,57.44491116405038,-36.284011925718104,40.41112515482397
2002-06-15,10.973886461444996,56.64556042914691,-37.577240719850685,38.61508309095822
2002-06-16,9.798374232921372,56.42752553711494,-36.3590578743777,38.02428218466014
2002-06-17,10.587694149656068,55.99884489100388,-36.70870381122095,38.04584130283184
2002-06-18,10.651504204334783,56.61655805324852,-36.12606665661465,38.102868487104416
2002-06-19,11.937186369276302,55.98812182511213,-33.81367427247315,36.399577305577054
2002-06-20,11.708454528797432,56.519251611303595,-34.61358667178375,36.30407416379616
2002-06-21,11.165139178594512,56.62075907591133,-34.17910802627629,35.51895789538851
2002-06-22,11.606657200624719,57.09300944495921,-34.691422475350336,36.94935991458543
2002-06-23,11.749604488116814,56.11399450332615,-35.46065558568358,38.19152962388288
2002-06-24,10.353239401647507,55.93359378735979,-36.24385577531038,37.761045003110254
2002-06-25,10.131672896717474,56.95269249949965,-35.79399127637601,36.25795660618107
2002-06-26,9.862781280295033,56.995701129705225,-34.10770379737178,36.54919226831579
2002-06-27,10.574649000149913,56.2896717534558,-33.58225464419419,36.1578149953161
2002-06-28,11.507776856959076,57.23969990346303,-32.2633174115142,36.3017744199394
2002-06-29,11.694582872144954,56.56311428718343,-33.59198609538202,35.53982071081553
2002-06-30,12.003161520768206,56.86082069221046,-34.68935234985734,36.4029910802598
2002-07-01,11.066102236377018,55.75718601845114,-36.78232784112099,35.55973016887829
2002-07-02,12.167015893397208,55.226366169564265,-35.43562900732196,36.45663516549817
2002-07-03,11.445881337186325,54.31804116639085,-34.900215271623146,36.20101422272478
2002-07-04,11.698754086471048,55.047179466167016,-34.307724140820014,35.14431690513668
2002-07-05,11.701269320067668,54.92108206420265,-34.35836831164816,35.764251851189236
2002-07-06,14.132945737371358,54.509351683076275,-35.089995033313976,37.56116810850999
2002-07-07,15.912516464745163,55.27402390613609,-35.501189207296015,36.384940803617816
2002-07-08,14.990924034163559,55.49155522556034,-34.98341274042851,35.70732526426193
2002-07-09,14.960387533901983,54.72209117312144,-35.78292728970148,34.893734344124304
2002-07-10,14.963007690611375,54.62886545698196,-36.93579308905937,34.91317742934373
2002-07-11,15.751421655145254,54.813158896898734,-36.09574973721916,34.53605737928462
2002-07-12,15.477052504718765,54.11632790884823,-35.9987739623242,33.24713438839232
2002-07-13,16.225851084570973,55.244125856088985,-34.7390673738332,32.650495470008714
2002-07-14,16.643557077929792,56.07768373973067,-34.19851931104431,32.50604446818295
2002-07-15,16.29851142518209,56.06998700946389,-34.7219447316183,33.057365105194464
2002-07-16,16.99916486273639,56.79496452441458,-33.53824358380894,34.26256965231787
2002-07-17,17.19408803013639,55.92248357470758,-34.38243592403847,33.06193102506574
2002-07-18,16.76287281967826,55.65168212054282,-33.46511716417441,33.303503023204954
2002-07-19,15.857232798483457,55.07347992106546,-33.666702760409926,33.06234377050399
2002-07-20,16.209163162508887,53.7505736871804,-32.56188772774237,33.04198143533406
2002-07-21,18.644937652393992,52.8651549137849,-32.740819048181024,33.06341025953934
2002-07-22,18.857606140466615,52.505972944669686,-33.6489190839969,32.317837995690965
2002-07-23,17.155767860801543,52.63208924139242,-34.47374157511182,29.20683244470384
2002-07-24,18.727939459142725,52.133928981883614,-34.71277620858786,29.265658201247707
2002-07-25,21.356725141215854,49.74663320565574,-32.91537552839859,28.297664731695644
2002-07-26,21.59985837953473,49.48361025610828,-32.4232121462106,27.654492625143632
2002-07-27,21.206535181374647,50.85799646975073,-30.773099508469944,26.610509502116955
2002-07-28,22.27508748582858,47.492245772740574,-30.20300185971725,26.968861089829385
2002-07-29,21.783124383665967,48.779369389306886,-31.55404712589618,28.067020098829566
2002-07-30,21.58355913746429,49.60878009330716,-31.459614561430566,27.897913373214223
2002-07-31,20.430267461605272,48.07940019761378,-31.65092330107689,28.154891180521865
2002-08-01,20.67971500508383,48.55319653007057,-29.984081742131032,26.405187943072182
2002-08-02,21.030441227276267,48.189542731240394,-31.4629864634765,28.185377098360906
2002-08-03,21.678658014865924,48.415640985630866,-32.93885481152498,27.435993955992938
2002-08-04,22.270194483227872,46.35309382061083,-32.803863762437196,27.141797361588605
2002-08-05,23.024032348922095,47.32588397674832,-31.74522918738839,28.106167557073277
2002-08-06,22.330693898801698,46.386165760248765,-32.606607662850145,28.863612599544854
2002-08-07,22.597860732539473,47.00801732683981,-30.77099483891013,29.862216412487946
2002-08-08,23.314231944806956,46.07497472749846,-30.46368127317487,29.778942902104937
2002-08-09,24.362423035044284,43.825140457846196,-32.30215324758707,28.8714206005843
2002-08-10,24.778487511155156,42.15562246196921,-32.18047712447224,28.213838126956738
2002-08-11,25.240457407600328,41.5947971277758,-32.17396562114622,27.837605119303618
2002-08-12,26.603922921077864,41.3318248013054,-33.270441230188275,28.76536802631256
2002-08-13,27.520409868740963,42.28991263242375,-32.3468599260909,29.043097797857452
2002-08-14,27.73029418494045,41.532994324110156,-32.82101442429424,29.314249897010892
2002-08-15,27.220458835651126,41.32588603718,-32.20807946032508,29.00233632378813
2002-08-16,26.650183548866917,42.38443997120905,-31.584439001782656,28.864431289729684
2002-08-17,24.623411482169207,43.04321109187361,-32.37317012523413,28.303452669932074
2002-08-18,25.73722592392473,42.21450785339766,-33.44331077322291,28.59986182014882
2002-08-19,25.40744259767042,41.20491282165793,-33.35661408118913,29.956689300031385
2002-08-20,24.542693032081115,42.280528325234755,-33.70539034187773,29.663858700022256
2002-08-21,23.573799640123188,42.73711707927113,-33.79276071247671,30.70041530115417
2002-08-22,24.923374442349477,42.039019730242394,-34.141507512320715,30.511928905043753
2002-08-23,23.505322378007758,41.425969759197145,-32.756374646469084,27.606204859510655
2002-08-24,23.781667869467018,41.49016111495058,-33.85541542446533,27.10536252975569
2002-08-25,23.348582318039774,42.83587273879582,-32.086781730106544,25.315134782160495
2002-08-26,24.139724020244593,42.3672641811337,-32.38315037930749,24.548068143466935
2002-08-27,24.126657925181366,41.757861189872365,-30.950429967588722,25.801304157314064
2002-08-28,24.219505197828497,39.82645060651116,-29.878037389120596,24.242695833308282
2002-08-29,22.316902641765143,40.626519084583485,-29.33991490271024,24.427347188754325
2002-08-30,22.49292652509271,41.705276518500604,-28.382946988209614,23.203066701787886
2002-08-31,23.597200856374982,41.24619224067702,-29.083229340392233,22.86569559704046
2002-09-01,23.760913304047484,41.86817722148225,-29.057592351766957,22.67653248028507
2002-09-02,24.059838078325225,42.98757698800872,-28.16183224013645,22.171703761970193
2002-09-03,25.312193424955797,42.87042631258156,-28.725723498729188,23.135033313692915
2002-09-04,24.633819073598882,41.24813621736615,-27.275822478995263,23.663440574248664
2002-09-05,24.88800283938352,39.83077831151683,-26.629742844818338,22.49609603617281
2002-09-06,25.142411405625147,38.825881875486445,-26.80042239044378,22.533804489801796
2002-09-07,26.815761591151176,40.0439514015332,-27.070666539951937,22.744425929539865
2002-09-08,25.921721812445636,40.64895350339239,-26.795908173649796,22.673762284807317
2002-09-09,26.150611426935274,41.08538984907828,-27.21725932858442,22.125196171653275
2002-09-10,26.223691967026657,40.906920119741955,-27.40301301667974,22.662758318411864
2002-09-11,26.5989857275193,42.229407171287384,-27.43118726289519,22.553598952314935
2002-09-12,27.831663775709917,41.37089166456261,-28.209350530729115,22.90953779886339
2002-09-13,27.806140675549493,40.563953005771296,-27.61032411398882,21.645584631680755
2002-09-14,29.85533023652489,41.62951498940539,-28.277671142079218,22.355681011065798
2002-09-15,29.985213670438096,40.78496443624895,-29.127598309876984,24.355274906963892
2002-09-16,30.059274578711978,42.189669778391426,-29.27319590710714,24.068945669615736
2002-09-17,30.23031402015182,42.249365232548406,-30.01243215857091,22.844555123873825
2002-09-18,31.17444223372239,43.53320533517662,-31.028338785252807,22.405223237413548
2002-09-19,30.558732130909632,44.58923206254136,-31.48663539408252,22.402949441157837
2002-09-20,27.652885583520565,44.83817690680907,-30.931373165009692,21.113830678510812
2002-09-21,28.389046570982714,44.144802991613474,-30.75668111436128,21.842201141830046
2002-09-22,26.651876733577804,43.019347113067276,-30.144126224026387,22.416829783555308
2002-09-23,26.88564890562376,42.16182654301637,-28.716996432557107,21.948160285125752
2002-09-24,27.86602138524984,43.49352282302512,-28.04730491318597,20.846533885049062
2002-09-25,30.130204455281863,45.13446618218783,-28.087660923394086,19.91310178795156
2002-09-26,30.749696319557422,45.64256811786234,-27.35528794323515,20.09134394466232
