代码,简称,日期,前收盘价(元),开盘价(元),最高价(元),最低价(元),收盘价(元),成交量(股),成交金额(元),涨跌(元),涨跌幅(%),均价(元),换手率(%),A股流通市值(元),总市值(元),A股流通股本(股),市盈率
600000.SH,浦发银行,2016-01-04,16.1356,16.1444,16.1444,15.4997,15.7205,42240610,754425783,-0.4151,-2.5725,17.8602,0.2264,3.32032E+11,3.32032E+11,18653471415,6.5614
600000.SH,浦发银行,2016-01-05,15.7205,15.4644,15.9501,15.3672,15.8618,58054793,1034181474,0.1413,0.8989,17.8139,0.3112,3.35016E+11,3.35016E+11,18653471415,6.6204
600000.SH,浦发银行,2016-01-06,15.8618,15.8088,16.0208,15.6234,15.9855,46772653,838667398,0.1236,0.7795,17.9307,0.2507,3.37628E+11,3.37628E+11,18653471415,6.672
600000.SH,浦发银行,2016-01-07,15.9855,15.7205,15.8088,15.3672,15.4644,11350479,199502702,-0.5211,-3.2597,17.5766,0.0608,3.26622E+11,3.26622E+11,18653471415,6.4545
600000.SH,浦发银行,2016-01-08,15.4644,15.6675,15.7912,14.9345,15.4467,71918296,1262105060,-0.0177,-0.1142,17.5492,0.3855,3.26249E+11,3.26249E+11,18653471415,6.4471
600000.SH,浦发银行,2016-01-11,15.4467,15.1994,15.4114,14.9786,15.0581,90177135,1550155933,-0.3886,-2.5157,17.1901,0.4834,3.18042E+11,3.18042E+11,18653471415,6.2849
600000.SH,浦发银行,2016-01-12,15.0581,15.1641,15.4732,15.0846,15.4114,55374454,964061502,0.3533,2.346,17.4099,0.2969,3.25503E+11,3.25503E+11,18653471415,6.4324
600000.SH,浦发银行,2016-01-13,15.4114,15.5174,15.8088,15.3231,15.3584,47869312,843717365,-0.053,-0.3438,17.6254,0.2566,3.24384E+11,3.24384E+11,18653471415,6.4102
600000.SH,浦发银行,2016-01-14,15.3584,15.014,15.8883,14.9168,15.8265,54838833,966117848,0.4681,3.0477,17.6174,0.294,3.3427E+11,3.3427E+11,18653471415,6.6056
600000.SH,浦发银行,2016-01-15,15.8265,15.7205,16.0296,15.4732,15.5262,46723139,836146426,-0.3003,-1.8973,17.8958,0.2505,3.27928E+11,3.27928E+11,18653471415,6.4803
600000.SH,浦发银行,2016-01-18,15.5262,15.3937,15.8883,15.2966,15.6145,32729006,583291559,0.0883,0.5688,17.8219,0.1755,3.29793E+11,3.29793E+11,18653471415,6.5171
600000.SH,浦发银行,2016-01-19,15.6145,15.7029,15.7912,15.4556,15.694,29807159,527753175,0.0795,0.509,17.7056,0.1598,3.31472E+11,3.31472E+11,18653471415,6.5503
600000.SH,浦发银行,2016-01-20,15.694,15.5527,15.6322,15.0846,15.2348,35968636,623546924,-0.4593,-2.9263,17.3359,0.1928,3.21772E+11,3.21772E+11,18653471415,6.3586
600000.SH,浦发银行,2016-01-21,15.2348,15.2083,15.4202,14.5724,14.643,34197115,582845476,-0.5917,-3.8841,17.0437,0.1833,3.09275E+11,3.09275E+11,18653471415,6.1117
600000.SH,浦发银行,2016-01-22,14.643,14.8727,15.1111,14.5636,15.0316,42007318,708179241,0.3886,2.6538,16.8585,0.2252,3.17482E+11,3.17482E+11,18653471415,6.2739
600000.SH,浦发银行,2016-01-25,15.0316,15.014,15.1641,14.7667,15.0405,23558971,400445071,0.0088,0.0588,16.9976,0.1263,3.17669E+11,3.17669E+11,18653471415,6.2775
600000.SH,浦发银行,2016-01-26,15.0405,14.9786,15.1376,14.4841,14.7137,38279766,643611762,-0.3268,-2.1726,16.8134,0.2052,3.10767E+11,3.10767E+11,18653471415,6.1412
600000.SH,浦发银行,2016-01-27,14.7137,14.7932,14.9963,14.5812,14.7314,44291307,742640743,0.0177,0.12,16.7672,0.2374,3.1114E+11,3.1114E+11,18653471415,6.1485
600000.SH,浦发银行,2016-01-28,14.7314,14.802,14.855,14.0248,14.643,38902180,643984171,-0.0883,-0.5995,16.5539,0.2086,3.09275E+11,3.09275E+11,18653471415,6.1117
600000.SH,浦发银行,2016-01-29,14.643,14.5901,15.0581,14.4929,14.9257,47429000,799493381,0.2826,1.93,16.8566,0.2543,3.15244E+11,3.15244E+11,18653471415,6.2296
600000.SH,浦发银行,2016-02-01,14.9257,15.0051,15.014,14.4929,14.5724,29139596,485275132,-0.3533,-2.3669,16.6535,0.1562,3.07782E+11,3.07782E+11,18653471415,6.0822
600000.SH,浦发银行,2016-02-02,14.5724,14.5724,14.961,14.5371,14.802,25380981,425396889,0.2296,1.5758,16.7605,0.1361,3.12632E+11,3.12632E+11,18653471415,6.178
600000.SH,浦发银行,2016-02-03,14.802,14.6607,14.7137,14.5282,14.6695,27779183,459255616,-0.1325,-0.895,16.5324,0.1489,3.09834E+11,3.09834E+11,18653471415,6.1227
600000.SH,浦发银行,2016-02-04,14.6695,14.8727,15.2966,14.6872,15.2789,47162860,799283799,0.6094,4.1541,16.9473,0.2528,3.22705E+11,3.22705E+11,18653471415,6.3771
600000.SH,浦发银行,2016-02-05,15.2789,15.2259,16.2416,15.1465,16.2328,78413454,1401156041,0.9538,6.2428,17.8688,0.4204,3.42851E+11,3.42851E+11,18653471415,6.7752
600000.SH,浦发银行,2016-02-15,16.2328,15.8795,16.3211,15.7205,16.2946,67296317,1221398339,0.0618,0.3808,18.1496,0.3608,3.44157E+11,3.44157E+11,18653471415,6.801
600000.SH,浦发银行,2016-02-16,16.2946,16.2946,16.2946,16.2946,16.2946,--,--,0,0,--,--,3.44157E+11,3.44157E+11,18653471415,6.801
600000.SH,浦发银行,2016-02-17,16.2946,16.2946,16.2946,16.2946,16.2946,--,--,0,0,--,--,3.44157E+11,3.44157E+11,18653471415,6.801
600000.SH,浦发银行,2016-02-18,16.2946,16.2946,16.2946,16.2946,16.2946,--,--,0,0,--,--,3.44157E+11,3.44157E+11,18653471415,6.801
600000.SH,浦发银行,2016-02-19,16.2946,16.2946,16.2946,16.2946,16.2946,--,--,0,0,--,--,3.44157E+11,3.44157E+11,18653471415,6.801
600000.SH,浦发银行,2016-02-22,16.2946,16.2946,16.2946,16.2946,16.2946,--,--,0,0,--,--,3.44157E+11,3.44157E+11,18653471415,6.801
600000.SH,浦发银行,2016-02-23,16.2946,16.2946,16.2946,16.2946,16.2946,--,--,0,0,--,--,3.44157E+11,3.44157E+11,18653471415,6.801
600000.SH,浦发银行,2016-02-24,16.2946,16.2946,16.2946,16.2946,16.2946,--,--,0,0,--,--,3.44157E+11,3.44157E+11,18653471415,6.801
600000.SH,浦发银行,2016-02-25,16.2946,16.2946,16.2946,16.2946,16.2946,--,--,0,0,--,--,3.44157E+11,3.44157E+11,18653471415,6.801
600000.SH,浦发银行,2016-02-26,16.2946,16.2946,16.2946,16.2946,16.2946,--,--,0,0,--,--,3.44157E+11,3.44157E+11,18653471415,6.801
600000.SH,浦发银行,2016-02-29,16.2946,16.2946,16.2946,16.2946,16.2946,--,--,0,0,--,--,3.44157E+11,3.44157E+11,18653471415,6.801
600000.SH,浦发银行,2016-03-01,16.2946,16.2946,16.2946,16.2946,16.2946,--,--,0,0,--,--,3.44157E+11,3.44157E+11,18653471415,6.801
600000.SH,浦发银行,2016-03-02,16.2946,16.2946,16.2946,16.2946,16.2946,--,--,0,0,--,--,3.44157E+11,3.44157E+11,18653471415,6.801
600000.SH,浦发银行,2016-03-03,16.2946,16.2946,16.2946,16.2946,16.2946,--,--,0,0,--,--,3.44157E+11,3.44157E+11,18653471415,6.801
600000.SH,浦发银行,2016-03-04,16.2946,16.2946,16.2946,16.2946,16.2946,--,--,0,0,--,--,3.44157E+11,3.44157E+11,18653471415,6.801
600000.SH,浦发银行,2016-03-07,16.2946,16.2946,16.2946,16.2946,16.2946,--,--,0,0,--,--,3.44157E+11,3.44157E+11,18653471415,6.801
600000.SH,浦发银行,2016-03-08,16.2946,16.2946,16.2946,16.2946,16.2946,--,--,0,0,--,--,3.44157E+11,3.44157E+11,18653471415,6.801
600000.SH,浦发银行,2016-03-09,16.2946,16.2946,16.2946,16.2946,16.2946,--,--,0,0,--,--,3.44157E+11,3.44157E+11,18653471415,6.801
600000.SH,浦发银行,2016-03-10,16.2946,16.2946,16.2946,16.2946,16.2946,--,--,0,0,--,--,3.44157E+11,3.44157E+11,18653471415,6.801
600000.SH,浦发银行,2016-03-11,16.2946,15.4644,15.4821,14.6695,14.9875,98240322,1657158636,-1.3071,-8.0217,16.8684,0.5267,3.16549E+11,3.16549E+11,18653471415,6.2554
600000.SH,浦发银行,2016-03-14,14.9875,14.908,15.4291,14.855,14.8903,56922239,973317374,-0.0971,-0.6482,17.0991,0.3052,3.14498E+11,3.14498E+11,18653471415,6.2149
600000.SH,浦发银行,2016-03-15,14.8903,14.9698,15.1818,14.8462,15.0316,37540932,638223050,0.1413,0.949,17.0007,0.2013,3.17482E+11,3.17482E+11,18653471415,6.2739
600000.SH,浦发银行,2016-03-16,15.0316,14.9433,15.959,14.9345,15.9236,108404378,1924212601,0.892,5.9342,17.7503,0.5811,3.36322E+11,3.36322E+11,18653471415,6.6462
600000.SH,浦发银行,2016-03-17,15.9236,15.7293,16.065,15.4114,15.6322,68635812,1219236346,-0.2914,-1.8303,17.7639,0.368,3.30166E+11,3.30166E+11,18653471415,6.5245
600000.SH,浦发银行,2016-03-18,15.6322,15.7117,15.8972,15.588,15.7558,55987968,996332597,0.1236,0.791,17.7955,0.3001,3.32778E+11,3.50609E+11,18653471415,6.9285
600000.SH,浦发银行,2016-03-21,15.7558,15.7029,16.1179,15.7029,15.9501,42001532,756966797,0.1943,1.2332,18.0224,0.2252,3.36882E+11,3.54933E+11,18653471415,7.0139
600000.SH,浦发银行,2016-03-22,15.9501,15.9766,16.4536,15.9148,16.0296,43760811,800814893,0.0795,0.4983,18.2998,0.2346,3.38561E+11,3.56702E+11,18653471415,7.0489
600000.SH,浦发银行,2016-03-23,16.0296,16.0385,16.2063,15.9501,16.012,27830795,506023215,-0.0177,-0.1102,18.1821,0.1492,3.38187E+11,3.56309E+11,18653471415,7.0411
600000.SH,浦发银行,2016-03-24,16.012,15.9943,15.9943,15.6145,15.6499,27448272,488313660,-0.3621,-2.2614,17.7903,0.1471,3.3054E+11,3.48251E+11,18653471415,6.8819
600000.SH,浦发银行,2016-03-25,15.6499,15.6499,15.7823,15.6145,15.6675,13619185,241971869,0.0177,0.1129,17.767,0.073,3.30913E+11,3.48644E+11,18653471415,6.8897
600000.SH,浦发银行,2016-03-28,15.6675,15.7029,15.8972,15.3407,15.4114,24521696,433449200,-0.2561,-1.6347,17.6762,0.1315,3.25503E+11,3.42945E+11,18653471415,6.777
600000.SH,浦发银行,2016-03-29,15.4114,15.4821,15.5969,15.3407,15.4114,19151152,335806206,0,0,17.5345,0.1027,3.25503E+11,3.42945E+11,18653471415,6.777
600000.SH,浦发银行,2016-03-30,15.4114,15.588,15.853,15.588,15.7823,35562148,634175207,0.3709,2.4069,17.8329,0.1906,3.33338E+11,3.51199E+11,18653471415,6.9401
600000.SH,浦发银行,2016-03-31,15.7823,15.8795,15.9678,15.6499,15.8353,23762112,425380429,0.053,0.3358,17.9016,0.1274,3.34457E+11,3.52378E+11,18653471415,6.9634
600000.SH,浦发银行,2016-04-01,15.8353,15.8795,16.1179,15.5527,16.0561,35790541,643979468,0.2208,1.3943,17.993,0.1919,3.3912E+11,3.57291E+11,18653471415,7.0605
600000.SH,浦发银行,2016-04-05,16.0561,15.8442,16.1533,15.6852,16.0473,42622297,768010128,-0.0088,-0.055,18.019,0.2285,3.38934E+11,3.57095E+11,18653471415,7.0566
600000.SH,浦发银行,2016-04-06,16.0473,15.9236,16.0208,15.7823,15.8618,23428724,421234846,-0.1855,-1.1558,17.9794,0.1256,3.35016E+11,3.52968E+11,18653471415,6.9751
600000.SH,浦发银行,2016-04-07,15.8618,15.853,15.8972,15.5704,15.6234,29047713,516129852,-0.2385,-1.5033,17.7683,0.1557,3.2998E+11,3.47661E+11,18653471415,6.8702
600000.SH,浦发银行,2016-04-08,15.6234,15.5086,15.6852,15.4821,15.5439,17132244,301704521,-0.0795,-0.5088,17.6103,0.0918,3.28301E+11,3.45892E+11,18653471415,6.8353
600000.SH,浦发银行,2016-04-11,15.5439,15.5439,15.7382,15.4997,15.6057,24117635,426862387,0.0618,0.3977,17.6992,0.1293,3.29607E+11,3.47268E+11,18653471415,6.8625
600000.SH,浦发银行,2016-04-12,15.6057,15.6234,15.6322,15.4821,15.5615,14100759,248002295,-0.0442,-0.283,17.5879,0.0756,3.28674E+11,3.46286E+11,18653471415,6.843
600000.SH,浦发银行,2016-04-13,15.5615,15.6587,15.8883,15.6234,15.6675,35189716,627667715,0.106,0.681,17.8367,0.1886,3.30913E+11,3.48644E+11,18653471415,6.8897
600000.SH,浦发银行,2016-04-14,15.6675,15.8088,15.906,15.6764,15.7205,15796208,281977244,0.053,0.3382,17.8509,0.0847,3.32032E+11,3.49823E+11,18653471415,6.913
600000.SH,浦发银行,2016-04-15,15.7205,15.853,15.9501,15.7205,15.8,34773526,623836222,0.0795,0.5056,17.94,0.1864,3.33711E+11,3.51592E+11,18653471415,6.9479
600000.SH,浦发银行,2016-04-18,15.8,15.6764,15.9236,15.5969,15.7293,28084133,501790676,-0.0707,-0.4472,17.8674,0.1506,3.32218E+11,3.5002E+11,18653471415,6.9168
600000.SH,浦发银行,2016-04-19,15.7293,15.853,15.8795,15.7029,15.8088,27246371,487095912,0.0795,0.5053,17.8775,0.1461,3.33897E+11,3.51788E+11,18653471415,6.9518
600000.SH,浦发银行,2016-04-20,15.8088,15.8,15.8883,15.2878,15.8618,46614611,825437834,0.053,0.3352,17.7077,0.2499,3.35016E+11,3.52968E+11,18653471415,6.9751
600000.SH,浦发银行,2016-04-21,15.8618,15.7382,16.2063,15.6764,16.0031,48212915,872382605,0.1413,0.8909,18.0944,0.2585,3.38001E+11,3.56112E+11,18653471415,7.0372
600000.SH,浦发银行,2016-04-22,16.0031,15.8972,16.2151,15.8442,16.1091,28178162,513194655,0.106,0.6623,18.2125,0.1511,3.40239E+11,3.5847E+11,18653471415,7.0838
600000.SH,浦发银行,2016-04-25,16.1091,16.0296,16.0385,15.7382,15.7912,24294360,435467860,-0.3179,-1.9737,17.9246,0.1302,3.33524E+11,3.51395E+11,18653471415,6.944
600000.SH,浦发银行,2016-04-26,15.7912,15.7823,15.9678,15.6764,15.8265,15739400,281501388,0.0353,0.2237,17.8851,0.0844,3.3427E+11,3.52181E+11,18653471415,6.9596
600000.SH,浦发银行,2016-04-27,15.8265,15.8707,15.8707,15.7205,15.7735,13838875,247622905,-0.053,-0.3348,17.8933,0.0742,3.33151E+11,3.51002E+11,18653471415,6.9363
600000.SH,浦发银行,2016-04-28,15.7735,15.8353,15.9855,15.747,15.8088,15728417,282201353,0.0353,0.224,17.9421,0.0843,3.33897E+11,3.51788E+11,18653471415,6.9518
600000.SH,浦发银行,2016-04-29,15.8088,15.747,15.8442,15.6764,15.747,23065933,412460987,-0.0618,-0.3911,17.8818,0.1237,3.32591E+11,3.50413E+11,18653471415,6.9246
600000.SH,浦发银行,2016-05-03,15.747,15.853,16.1091,15.747,16.0031,27776723,501830132,0.2561,1.6265,18.0666,0.1489,3.38001E+11,3.56112E+11,18653471415,7.0372
600000.SH,浦发银行,2016-05-04,16.0031,15.9501,16.1003,15.9148,15.9678,23118959,418592994,-0.0353,-0.2208,18.106,0.1239,3.37255E+11,3.55326E+11,18653471415,7.0217
600000.SH,浦发银行,2016-05-05,15.9678,15.9501,16.0031,15.8795,15.9501,14936632,269576075,-0.0177,-0.1106,18.048,0.0801,3.36882E+11,3.54933E+11,18653471415,7.0139
600000.SH,浦发银行,2016-05-06,15.9501,15.959,15.9855,15.641,15.6587,23406763,418454827,-0.2914,-1.8272,17.8775,0.1255,3.30726E+11,3.48447E+11,18653471415,6.8858
600000.SH,浦发银行,2016-05-09,15.6587,15.641,15.7205,15.3672,15.4644,21947591,386423417,-0.1943,-1.2408,17.6066,0.1177,3.26622E+11,3.44124E+11,18653471415,6.8003
600000.SH,浦发银行,2016-05-10,15.4644,15.3496,15.5086,15.3496,15.4379,16846648,294675478,-0.0265,-0.1713,17.4916,0.0903,3.26063E+11,3.43534E+11,18653471415,6.7887
600000.SH,浦发银行,2016-05-11,15.4379,15.4997,15.5174,15.3672,15.4114,11941164,208655785,-0.0265,-0.1716,17.4737,0.064,3.25503E+11,3.42945E+11,18653471415,6.777
600000.SH,浦发银行,2016-05-12,15.4114,15.3937,15.4556,15.1906,15.3761,14668954,254410730,-0.0353,-0.2292,17.3435,0.0786,3.24757E+11,3.42158E+11,18653471415,6.7615
600000.SH,浦发银行,2016-05-13,15.3761,15.3407,15.4202,15.2083,15.2259,11013829,190929402,-0.1501,-0.9765,17.3354,0.059,3.21586E+11,3.38817E+11,18653471415,6.6955
600000.SH,浦发银行,2016-05-16,15.2259,15.2171,15.3231,15.1994,15.2701,11045624,190872655,0.0442,0.29,17.2804,0.0592,3.22519E+11,3.398E+11,18653471415,6.7149
600000.SH,浦发银行,2016-05-17,15.2701,15.2701,15.3143,15.1553,15.2348,9765153,168387277,-0.0353,-0.2313,17.2437,0.0524,3.21772E+11,3.39014E+11,18653471415,6.6994
600000.SH,浦发银行,2016-05-18,15.2348,15.2348,15.5615,15.0316,15.5086,30962453,536935470,0.2738,1.7971,17.3415,0.166,3.27555E+11,3.45106E+11,18653471415,6.8197
600000.SH,浦发银行,2016-05-19,15.5086,15.4026,15.4467,15.3054,15.3231,10380826,180686332,-0.1855,-1.1959,17.4058,0.0557,3.23638E+11,3.40979E+11,18653471415,6.7382
600000.SH,浦发银行,2016-05-20,15.3231,15.2878,15.4556,15.2524,15.4114,11140621,194223009,0.0883,0.5764,17.4338,0.0597,3.25503E+11,3.42945E+11,18653471415,6.777
600000.SH,浦发银行,2016-05-23,15.4114,15.4556,15.6145,15.4026,15.4997,14080659,247441303,0.0883,0.5731,17.5731,0.0755,3.27368E+11,3.4491E+11,18653471415,6.8159
600000.SH,浦发银行,2016-05-24,15.4997,15.4379,15.5439,15.3937,15.4997,10725938,187905438,0,0,17.5188,0.0575,3.27368E+11,3.4491E+11,18653471415,6.8159
600000.SH,浦发银行,2016-05-25,15.4997,15.6145,15.6587,15.5439,15.6057,13766238,243549455,0.106,0.6838,17.6918,0.0738,3.29607E+11,3.47268E+11,18653471415,6.8625
600000.SH,浦发银行,2016-05-26,15.6057,15.588,15.7735,15.588,15.6322,11065062,196266938,0.0265,0.1698,17.7375,0.0593,3.30166E+11,3.47858E+11,18653471415,6.8741
600000.SH,浦发银行,2016-05-27,15.6322,15.6234,15.694,15.5704,15.6675,11621242,205801175,0.0353,0.226,17.7091,0.0623,3.30913E+11,3.48644E+11,18653471415,6.8897
600000.SH,浦发银行,2016-05-30,15.6675,15.7558,15.8707,15.6145,15.853,17538184,313324795,0.1855,1.1838,17.8653,0.094,3.3483E+11,3.52771E+11,18653471415,6.9712
600000.SH,浦发银行,2016-05-31,15.853,15.8353,16.2504,15.8265,16.1533,35631526,650177320,0.3003,1.8942,18.2472,0.191,3.41172E+11,3.59453E+11,18653471415,7.1033
600000.SH,浦发银行,2016-06-01,16.1533,16.1621,16.2063,16.012,16.065,18312424,333790682,-0.0883,-0.5467,18.2276,0.0982,3.39307E+11,3.57488E+11,18653471415,7.0644
600000.SH,浦发银行,2016-06-02,16.065,16.0738,16.1621,15.8353,15.9148,17786525,321768768,-0.1501,-0.9346,18.0906,0.0954,3.36136E+11,3.54147E+11,18653471415,6.9984
600000.SH,浦发银行,2016-06-03,15.9148,16.0031,16.012,15.8088,15.906,18003512,323746001,-0.0088,-0.0555,17.9824,0.0965,3.35949E+11,3.5395E+11,18653471415,6.9945
600000.SH,浦发银行,2016-06-06,15.906,15.9413,15.9943,15.8707,15.9148,17856247,321865763,0.0088,0.0555,18.0254,0.0957,3.36136E+11,3.54147E+11,18653471415,6.9984
600000.SH,浦发银行,2016-06-07,15.9148,15.9855,16.012,15.8707,15.9148,16533983,298145352,0,0,18.0323,0.0886,3.36136E+11,3.54147E+11,18653471415,6.9984
600000.SH,浦发银行,2016-06-08,15.9148,15.906,15.959,15.8707,15.8883,23758300,427741583,-0.0265,-0.1665,18.0039,0.1274,3.35576E+11,3.53557E+11,18653471415,6.9867
600000.SH,浦发银行,2016-06-13,15.8883,15.7735,15.8442,15.694,15.7029,30051583,536281150,-0.1855,-1.1673,17.8454,0.1611,3.31659E+11,3.4943E+11,18653471415,6.9052
600000.SH,浦发银行,2016-06-14,15.7029,15.694,15.747,15.6322,15.7117,18773357,333449719,0.0088,0.0562,17.7619,0.1006,3.31845E+11,3.49627E+11,18653471415,6.9091
600000.SH,浦发银行,2016-06-15,15.7117,15.5527,15.6852,15.4997,15.6675,26332177,464557383,-0.0442,-0.2811,17.6422,0.1412,3.30913E+11,3.48644E+11,18653471415,6.8897
600000.SH,浦发银行,2016-06-16,15.6675,15.6057,15.8353,15.5439,15.7205,30871127,549171213,0.053,0.3382,17.7892,0.1655,3.32032E+11,3.49823E+11,18653471415,6.913
600000.SH,浦发银行,2016-06-17,15.7205,15.6764,15.8883,15.6675,15.694,17412233,311113072,-0.0265,-0.1685,17.8675,0.0933,3.31472E+11,3.49233E+11,18653471415,6.9013
600000.SH,浦发银行,2016-06-20,15.694,15.8353,15.8353,15.6764,15.7647,9681495,172507202,0.0707,0.4502,17.8182,0.0519,3.32964E+11,3.50806E+11,18653471415,6.9324
600000.SH,浦发银行,2016-06-21,15.7647,15.7912,15.853,15.6764,15.7029,15852873,282663680,-0.0618,-0.3922,17.8304,0.085,3.31659E+11,3.4943E+11,18653471415,6.9052
600000.SH,浦发银行,2016-06-22,15.7029,15.7205,15.8088,15.7029,15.8,14227501,253800359,0.0971,0.6187,17.8387,0.0763,3.33711E+11,3.51592E+11,18653471415,6.9479
600000.SH,浦发银行,2016-06-23,15.8,15.9,15.9,15.71,15.72,12882295,203560849,-0.08,-0.5063,15.8016,0.0628,3.22556E+11,3.39839E+11,20518818557,6.7157
600000.SH,浦发银行,2016-06-24,15.72,15.7,15.79,15.08,15.28,30575522,470756348,-0.44,-2.799,15.3965,0.149,3.13528E+11,3.30327E+11,20518818557,6.5277
600000.SH,浦发银行,2016-06-27,15.28,15.29,15.39,15.18,15.31,19163499,292488228,0.03,0.1963,15.2628,0.0934,3.14143E+11,3.30976E+11,20518818557,6.5405
600000.SH,浦发银行,2016-06-28,15.31,15.27,15.3,15.18,15.28,12559826,191346962,-0.03,-0.196,15.2348,0.0612,3.13528E+11,3.30327E+11,20518818557,6.5277
600000.SH,浦发银行,2016-06-29,15.28,15.29,15.54,15.28,15.5,21253351,326320213,0.22,1.4398,15.3538,0.1036,3.18042E+11,3.35083E+11,20518818557,6.6217
600000.SH,浦发银行,2016-06-30,15.5,15.5,15.66,15.44,15.57,20735886,323223547,0.07,0.4516,15.5876,0.1011,3.19478E+11,3.36597E+11,20518818557,6.6516
600000.SH,浦发银行,2016-07-01,15.57,15.57,15.96,15.54,15.92,25106479,394802033,0.35,2.2479,15.7251,0.1224,3.2666E+11,3.44163E+11,20518818557,6.8011
600000.SH,浦发银行,2016-07-04,15.92,15.86,16.03,15.8,15.93,21411650,341120776,0.01,0.0628,15.9316,0.1044,3.26865E+11,3.44379E+11,20518818557,6.8054
600000.SH,浦发银行,2016-07-05,15.93,15.94,15.95,15.75,15.79,16171615,255727223,-0.14,-0.8788,15.8133,0.0788,3.23992E+11,3.41353E+11,20518818557,6.7456
600000.SH,浦发银行,2016-07-06,15.79,15.71,15.76,15.61,15.64,22976510,360070168,-0.15,-0.95,15.6712,0.112,3.20914E+11,3.3811E+11,20518818557,6.6815
600000.SH,浦发银行,2016-07-07,15.64,15.63,15.64,15.45,15.57,24498042,380536334,-0.07,-0.4476,15.5333,0.1194,3.19478E+11,3.36597E+11,20518818557,6.6516
600000.SH,浦发银行,2016-07-08,15.57,15.55,15.56,15.44,15.45,14901331,230568191,-0.12,-0.7707,15.473,0.0726,3.17016E+11,3.34002E+11,20518818557,6.6003
600000.SH,浦发银行,2016-07-11,15.45,15.56,15.57,15.4,15.43,22852491,354003568,-0.02,-0.1294,15.4908,0.1114,3.16605E+11,3.3357E+11,20518818557,6.5918
600000.SH,浦发银行,2016-07-12,15.43,15.48,15.65,15.45,15.64,25545130,397267013,0.21,1.361,15.5516,0.1245,3.20914E+11,3.3811E+11,20518818557,6.6815
600000.SH,浦发银行,2016-07-13,15.64,15.65,15.97,15.64,15.79,36238056,573546775,0.15,0.9591,15.8272,0.1766,3.23992E+11,3.41353E+11,20518818557,6.7456
600000.SH,浦发银行,2016-07-14,15.79,15.77,15.84,15.64,15.7,16883421,265364888,-0.09,-0.57,15.7175,0.0823,3.22145E+11,3.39407E+11,20518818557,6.7071
600000.SH,浦发银行,2016-07-15,15.7,15.71,15.75,15.65,15.71,15998100,251152944,0.01,0.0637,15.6989,0.078,3.22351E+11,3.39623E+11,20518818557,6.7114
600000.SH,浦发银行,2016-07-18,15.71,15.73,15.91,15.66,15.77,27766982,438169692,0.06,0.3819,15.7802,0.1353,3.23582E+11,3.4092E+11,20518818557,6.737
600000.SH,浦发银行,2016-07-19,15.77,15.77,15.8,15.65,15.73,17179816,269908287,-0.04,-0.2536,15.7108,0.0837,3.22761E+11,3.40056E+11,20518818557,6.7199
600000.SH,浦发银行,2016-07-20,15.73,15.7,15.76,15.63,15.75,14866526,233284416,0.02,0.1271,15.6919,0.0725,3.23171E+11,3.40488E+11,20518818557,6.7285
600000.SH,浦发银行,2016-07-21,15.75,15.74,15.87,15.7,15.83,22020445,348156592,0.08,0.5079,15.8106,0.1073,3.24813E+11,3.42217E+11,20518818557,6.7627
600000.SH,浦发银行,2016-07-22,15.83,15.81,15.82,15.58,15.63,16711700,262066573,-0.2,-1.2634,15.6816,0.0814,3.20709E+11,3.37894E+11,20518818557,6.6772
600000.SH,浦发银行,2016-07-25,15.63,15.63,15.76,15.63,15.69,11441970,179598105,0.06,0.3839,15.6964,0.0558,3.2194E+11,3.39191E+11,20518818557,6.7028
600000.SH,浦发银行,2016-07-26,15.69,15.69,15.79,15.65,15.74,20462397,321598665,0.05,0.3187,15.7166,0.0997,3.22966E+11,3.40272E+11,20518818557,6.7242
600000.SH,浦发银行,2016-07-27,15.74,15.73,15.88,15.45,15.87,40697330,637937308,0.13,0.8259,15.6752,0.1983,3.25634E+11,3.43082E+11,20518818557,6.7797
600000.SH,浦发银行,2016-07-28,15.87,15.77,15.79,15.65,15.68,17451372,274345301,-0.19,-1.1972,15.7206,0.0851,3.21735E+11,3.38975E+11,20518818557,6.6986
600000.SH,浦发银行,2016-07-29,15.68,15.65,15.71,15.61,15.7,14348301,224747562,0.02,0.1276,15.6637,0.0699,3.22145E+11,3.39407E+11,20518818557,6.7071
600000.SH,浦发银行,2016-08-01,15.7,15.68,15.85,15.65,15.8,22909943,361191350,0.1,0.6369,15.7657,0.1117,3.24197E+11,3.41569E+11,20518818557,6.7498
600000.SH,浦发银行,2016-08-02,15.8,15.79,15.85,15.68,15.75,10877815,171311340,-0.05,-0.3165,15.7487,0.053,3.23171E+11,3.40488E+11,20518818557,6.7285
600000.SH,浦发银行,2016-08-03,15.75,15.64,15.72,15.62,15.67,10583990,165699514,-0.08,-0.5079,15.6557,0.0516,3.2153E+11,3.38758E+11,20518818557,6.6943
600000.SH,浦发银行,2016-08-04,15.67,15.69,15.69,15.49,15.59,15610498,243122631,-0.08,-0.5105,15.5743,0.0761,3.19888E+11,3.37029E+11,20518818557,6.6601
600000.SH,浦发银行,2016-08-05,15.59,15.6,15.8,15.59,15.73,17648517,277447198,0.14,0.898,15.7207,0.086,3.22761E+11,3.40056E+11,20518818557,6.7199
600000.SH,浦发银行,2016-08-08,15.73,15.76,15.76,15.66,15.74,13129367,206333087,0.01,0.0636,15.7154,0.064,3.22966E+11,3.40272E+11,20518818557,6.7242
600000.SH,浦发银行,2016-08-09,15.74,15.75,15.8,15.71,15.79,15480879,243949588,0.05,0.3177,15.7581,0.0754,3.23992E+11,3.41353E+11,20518818557,6.7456
600000.SH,浦发银行,2016-08-10,15.79,15.8,15.85,15.73,15.83,18499535,292534452,0.04,0.2533,15.8131,0.0902,3.24813E+11,3.42217E+11,20518818557,6.7627
600000.SH,浦发银行,2016-08-11,15.83,15.75,16.4,15.74,16.07,52689421,852413099,0.24,1.5161,16.1781,0.2568,3.29737E+11,3.47406E+11,20518818557,6.8652
600000.SH,浦发银行,2016-08-12,16.07,16.12,16.39,16,16.36,46991632,763634354,0.29,1.8046,16.2504,0.229,3.35688E+11,3.53675E+11,20518818557,6.9891
600000.SH,浦发银行,2016-08-15,16.36,16.5,17.02,16.45,16.94,77333862,1299618491,0.58,3.5452,16.8053,0.3769,3.47589E+11,3.66214E+11,20518818557,7.2369
600000.SH,浦发银行,2016-08-16,16.94,16.94,16.99,16.67,16.7,49384036,829743468,-0.24,-1.4168,16.8019,0.2407,3.42664E+11,3.61025E+11,20518818557,7.1343
600000.SH,浦发银行,2016-08-17,16.7,16.72,16.85,16.52,16.64,36446597,606581272,-0.06,-0.3593,16.643,0.1776,3.41433E+11,3.59728E+11,20518818557,7.1087
600000.SH,浦发银行,2016-08-18,16.64,16.55,16.77,16.35,16.44,37110139,612294413,-0.2,-1.2019,16.4994,0.1809,3.37329E+11,3.55405E+11,20518818557,7.0232
600000.SH,浦发银行,2016-08-19,16.44,16.43,16.5,16.36,16.42,19927300,327521631,-0.02,-0.1217,16.4358,0.0971,3.36919E+11,3.54972E+11,20518818557,7.0147
600000.SH,浦发银行,2016-08-22,16.42,16.42,16.47,16.31,16.41,19768630,324280093,-0.01,-0.0609,16.4038,0.0963,3.36714E+11,3.54756E+11,20518818557,7.0104
600000.SH,浦发银行,2016-08-23,16.41,16.41,16.56,16.32,16.4,31754370,521794934,-0.01,-0.0609,16.4322,0.1548,3.36509E+11,3.5454E+11,20518818557,7.0062
600000.SH,浦发银行,2016-08-24,16.4,16.41,16.51,16.34,16.39,17085424,280402637,-0.01,-0.061,16.4118,0.0833,3.36303E+11,3.54324E+11,20518818557,7.0019
600000.SH,浦发银行,2016-08-25,16.39,16.36,16.41,16.2,16.34,24749915,403472216,-0.05,-0.3051,16.302,0.1206,3.35277E+11,3.53243E+11,20518818557,6.9805
600000.SH,浦发银行,2016-08-26,16.34,16.36,16.4,16.29,16.34,14688056,240035889,0,0,16.3423,0.0716,3.35277E+11,3.53243E+11,20518818557,6.9805
600000.SH,浦发银行,2016-08-29,16.34,16.31,16.37,16.08,16.23,30202023,489414008,-0.11,-0.6732,16.2047,0.1472,3.3302E+11,3.50865E+11,20518818557,6.9335
600000.SH,浦发银行,2016-08-30,16.23,16.24,16.49,16.24,16.4,36396993,597418078,0.17,1.0474,16.4139,0.1774,3.36509E+11,3.5454E+11,20518818557,7.0062
600000.SH,浦发银行,2016-08-31,16.4,16.35,16.56,16.32,16.48,22003438,362526025,0.08,0.4878,16.4759,0.1072,3.3815E+11,3.56269E+11,20518818557,7.0403
600000.SH,浦发银行,2016-09-01,16.48,16.48,16.55,16.38,16.41,21272047,349934548,-0.07,-0.4248,16.4504,0.1037,3.36714E+11,3.54756E+11,20518818557,7.0104
600000.SH,浦发银行,2016-09-02,16.41,16.38,16.5,16.35,16.48,23147001,380418559,0.07,0.4266,16.4349,0.1128,3.3815E+11,3.56269E+11,20518818557,7.0403
600000.SH,浦发银行,2016-09-05,16.48,16.49,16.58,16.42,16.49,25677035,423399290,0.01,0.0607,16.4894,0.1251,3.38355E+11,3.56485E+11,20518818557,7.0446
600000.SH,浦发银行,2016-09-06,16.49,16.49,16.53,16.37,16.41,20282647,333206432,-0.08,-0.4851,16.4282,0.0988,3.36714E+11,3.54756E+11,20518818557,7.0104
600000.SH,浦发银行,2016-09-07,16.41,16.41,16.5,16.35,16.48,17975558,295519896,0.07,0.4266,16.4401,0.0876,3.3815E+11,3.56269E+11,20518818557,7.0403
600000.SH,浦发银行,2016-09-08,16.48,16.47,16.61,16.43,16.6,24406900,403801797,0.12,0.7282,16.5446,0.1189,3.40612E+11,3.58863E+11,20518818557,7.0916
600000.SH,浦发银行,2016-09-09,16.6,16.62,16.66,16.5,16.56,18739471,310623908,-0.04,-0.241,16.5759,0.0913,3.39792E+11,3.57999E+11,20518818557,7.0745
600000.SH,浦发银行,2016-09-12,16.56,16.38,16.47,16.26,16.4,36509177,597895474,-0.16,-0.9662,16.3766,0.1779,3.36509E+11,3.5454E+11,20518818557,7.0062
600000.SH,浦发银行,2016-09-13,16.4,16.4,16.46,16.39,16.45,14234378,233969071,0.05,0.3049,16.4369,0.0694,3.37535E+11,3.55621E+11,20518818557,7.0275
600000.SH,浦发银行,2016-09-14,16.45,16.43,16.48,16.38,16.4,23981413,393967822,-0.05,-0.304,16.428,0.1169,3.36509E+11,3.5454E+11,20518818557,7.0062
600000.SH,浦发银行,2016-09-19,16.4,16.45,16.51,16.42,16.46,14465955,238091122,0.06,0.3659,16.4587,0.0705,3.3774E+11,3.55837E+11,20518818557,7.0318
600000.SH,浦发银行,2016-09-20,16.46,16.47,16.48,16.42,16.46,17396811,286078658,0,0,16.4443,0.0848,3.3774E+11,3.55837E+11,20518818557,7.0318
600000.SH,浦发银行,2016-09-21,16.46,16.47,16.51,16.43,16.45,9416102,154918234,-0.01,-0.0608,16.4525,0.0459,3.37535E+11,3.55621E+11,20518818557,7.0275
600000.SH,浦发银行,2016-09-22,16.45,16.49,16.59,16.47,16.53,11527832,190442429,0.08,0.4863,16.5202,0.0562,3.39176E+11,3.5735E+11,20518818557,7.0617
600000.SH,浦发银行,2016-09-23,16.53,16.55,16.55,16.48,16.48,10200460,168270146,-0.05,-0.3025,16.4963,0.0497,3.3815E+11,3.56269E+11,20518818557,7.0403
600000.SH,浦发银行,2016-09-26,16.48,16.45,16.57,16.41,16.48,20769186,342748706,0,0,16.5028,0.1012,3.3815E+11,3.56269E+11,20518818557,7.0403
600000.SH,浦发银行,2016-09-27,16.48,16.42,16.52,16.42,16.48,17025470,280852907,0,0,16.496,0.083,3.3815E+11,3.56269E+11,20518818557,7.0403
600000.SH,浦发银行,2016-09-28,16.48,16.48,16.53,16.46,16.48,12841990,211844619,0,0,16.4962,0.0626,3.3815E+11,3.56269E+11,20518818557,7.0403
600000.SH,浦发银行,2016-09-29,16.48,16.52,16.55,16.49,16.5,10997408,181620111,0.02,0.1214,16.5148,0.0536,3.38561E+11,3.56702E+11,20518818557,7.0489
600000.SH,浦发银行,2016-09-30,16.5,16.5,16.53,16.48,16.49,12190268,201085204,-0.01,-0.0606,16.4956,0.0594,3.38355E+11,3.56485E+11,20518818557,7.0446
600000.SH,浦发银行,2016-10-10,16.49,16.53,16.6,16.48,16.55,18666854,308450225,0.06,0.3639,16.524,0.091,3.39586E+11,3.57783E+11,20518818557,7.0702
600000.SH,浦发银行,2016-10-11,16.55,16.57,16.58,16.5,16.57,12690366,209785537,0.02,0.1208,16.5311,0.0618,3.39997E+11,3.58215E+11,20518818557,7.0788
600000.SH,浦发银行,2016-10-12,16.57,16.54,16.54,16.48,16.51,10643884,175594201,-0.06,-0.3621,16.4972,0.0519,3.38766E+11,3.56918E+11,20518818557,7.0532
600000.SH,浦发银行,2016-10-13,16.51,16.51,16.52,16.42,16.43,14504356,238973130,-0.08,-0.4846,16.476,0.0707,3.37124E+11,3.55188E+11,20518818557,7.019
600000.SH,浦发银行,2016-10-14,16.43,16.43,16.47,16.38,16.46,10660114,175020225,0.03,0.1826,16.4182,0.052,3.3774E+11,3.55837E+11,20518818557,7.0318
600000.SH,浦发银行,2016-10-17,16.46,16.41,16.44,16.22,16.27,16424904,268130860,-0.19,-1.1543,16.3247,0.08,3.33841E+11,3.51729E+11,20518818557,6.9506
600000.SH,浦发银行,2016-10-18,16.27,16.28,16.39,16.24,16.34,18251833,298064113,0.07,0.4302,16.3306,0.089,3.35277E+11,3.53243E+11,20518818557,6.9805
600000.SH,浦发银行,2016-10-19,16.34,16.35,16.39,16.24,16.27,11143167,181631901,-0.07,-0.4284,16.2998,0.0543,3.33841E+11,3.51729E+11,20518818557,6.9506
600000.SH,浦发银行,2016-10-20,16.27,16.27,16.34,16.25,16.29,8985794,146255319,0.02,0.1229,16.2763,0.0438,3.34252E+11,3.52162E+11,20518818557,6.9592
600000.SH,浦发银行,2016-10-21,16.29,16.29,16.34,16.22,16.3,10884798,177155062,0.01,0.0614,16.2755,0.053,3.34457E+11,3.52378E+11,20518818557,6.9634
600000.SH,浦发银行,2016-10-24,16.3,16.3,16.58,16.27,16.47,24757241,406980667,0.17,1.0429,16.4389,0.1207,3.37945E+11,3.56053E+11,20518818557,7.0361
600000.SH,浦发银行,2016-10-25,16.47,16.48,16.5,16.36,16.42,13309321,218721453,-0.05,-0.3036,16.4337,0.0649,3.36919E+11,3.54972E+11,20518818557,7.0147
600000.SH,浦发银行,2016-10-26,16.42,16.4,16.42,16.3,16.32,12436805,203174010,-0.1,-0.609,16.3365,0.0606,3.34867E+11,3.5281E+11,20518818557,6.972
600000.SH,浦发银行,2016-10-27,16.32,16.3,16.31,16.18,16.19,19517454,316513318,-0.13,-0.7966,16.2169,0.0951,3.322E+11,3.5E+11,20518818557,6.9164
600000.SH,浦发银行,2016-10-28,16.19,16.19,16.34,16.18,16.29,15067204,244739683,0.1,0.6177,16.2432,0.0734,3.34252E+11,3.52162E+11,20518818557,6.9592
600000.SH,浦发银行,2016-10-31,16.29,16.23,16.31,16.01,16.27,14673298,237635070,-0.02,-0.1228,16.1951,0.0715,3.33841E+11,3.51729E+11,20518818557,6.9506
600000.SH,浦发银行,2016-11-01,16.27,16.26,16.33,16.21,16.3,13028259,212179107,0.03,0.1844,16.2861,0.0635,3.34457E+11,3.52378E+11,20518818557,6.9634
600000.SH,浦发银行,2016-11-02,16.3,16.21,16.3,16.18,16.2,25051160,406667269,-0.1,-0.6135,16.2335,0.1221,3.32405E+11,3.50216E+11,20518818557,6.9207
600000.SH,浦发银行,2016-11-03,16.2,16.19,16.38,16.19,16.35,25864110,421412550,0.15,0.9259,16.2933,0.1261,3.35483E+11,3.53459E+11,20518818557,6.9848
600000.SH,浦发银行,2016-11-04,16.35,16.3,16.53,16.29,16.4,21516475,353348691,0.05,0.3058,16.4222,0.1049,3.36509E+11,3.5454E+11,20518818557,7.0062
600000.SH,浦发银行,2016-11-07,16.4,16.39,16.45,16.38,16.42,21351658,350381736,0.02,0.122,16.41,0.1041,3.36919E+11,3.54972E+11,20518818557,7.0147
600000.SH,浦发银行,2016-11-08,16.42,16.45,16.54,16.44,16.47,17307155,285419770,0.05,0.3045,16.4914,0.0843,3.37945E+11,3.56053E+11,20518818557,7.0361
600000.SH,浦发银行,2016-11-09,16.47,16.47,16.53,16.36,16.46,39826582,655055488,-0.01,-0.0607,16.4477,0.1941,3.3774E+11,3.55837E+11,20518818557,7.0318
600000.SH,浦发银行,2016-11-10,16.46,16.55,16.64,16.48,16.57,20484554,339602785,0.11,0.6683,16.5785,0.0998,3.39997E+11,3.58215E+11,20518818557,7.0788
600000.SH,浦发银行,2016-11-11,16.57,16.56,16.63,16.45,16.59,21539188,356740636,0.02,0.1207,16.5624,0.105,3.40407E+11,3.58647E+11,20518818557,7.0873
600000.SH,浦发银行,2016-11-14,16.59,16.53,16.7,16.52,16.6,18124496,301208006,0.01,0.0603,16.6188,0.0883,3.40612E+11,3.58863E+11,20518818557,7.0916
600000.SH,浦发银行,2016-11-15,16.6,16.59,16.61,16.5,16.59,15714142,260648299,-0.01,-0.0602,16.5869,0.0766,3.40407E+11,3.58647E+11,20518818557,7.0873
600000.SH,浦发银行,2016-11-16,16.59,16.59,16.63,16.54,16.6,12395504,205688793,0.01,0.0603,16.5938,0.0604,3.40612E+11,3.58863E+11,20518818557,7.0916
600000.SH,浦发银行,2016-11-17,16.6,16.58,16.63,16.52,16.6,22718556,376599274,0,0,16.5767,0.1107,3.40612E+11,3.58863E+11,20518818557,7.0916
600000.SH,浦发银行,2016-11-18,16.6,16.59,16.64,16.55,16.6,29274383,485488349,0,0,16.5841,0.1427,3.40612E+11,3.58863E+11,20518818557,7.0916
600000.SH,浦发银行,2016-11-21,16.6,16.59,16.73,16.54,16.64,21432453,356612260,0.04,0.241,16.6389,0.1045,3.41433E+11,3.59728E+11,20518818557,7.1087
600000.SH,浦发银行,2016-11-22,16.64,16.67,16.72,16.63,16.68,21080968,351666631,0.04,0.2404,16.6817,0.1027,3.42254E+11,3.60593E+11,20518818557,7.1258
600000.SH,浦发银行,2016-11-23,16.68,16.68,17.23,16.66,16.93,45036427,765689745,0.25,1.4988,17.0016,0.2195,3.47384E+11,3.65997E+11,20518818557,7.2326
600000.SH,浦发银行,2016-11-24,16.93,16.93,17.12,16.86,16.89,21043140,356783606,-0.04,-0.2363,16.9549,0.1026,3.46563E+11,3.65133E+11,20518818557,7.2155
600000.SH,浦发银行,2016-11-25,16.89,16.89,17.1,16.81,17.09,23335230,396231886,0.2,1.1841,16.98,0.1137,3.50667E+11,3.69456E+11,20518818557,7.3009
600000.SH,浦发银行,2016-11-28,17.09,17.15,17.49,17.15,17.21,33835281,584558233,0.12,0.7022,17.2766,0.1649,3.53129E+11,3.72051E+11,20518818557,7.3522
600000.SH,浦发银行,2016-11-29,17.21,17.21,17.35,17.11,17.26,29530098,509203656,0.05,0.2905,17.2435,0.1439,3.54155E+11,3.73132E+11,20518818557,7.3736
600000.SH,浦发银行,2016-11-30,17.26,17.28,17.45,17.1,17.16,20135026,346784527,-0.1,-0.5794,17.2229,0.0981,3.52103E+11,3.7097E+11,20518818557,7.3308
600000.SH,浦发银行,2016-12-01,17.16,17.15,17.27,17.05,17.15,18449219,316391192,-0.01,-0.0583,17.1493,0.0899,3.51898E+11,3.70754E+11,20518818557,7.3266
600000.SH,浦发银行,2016-12-02,17.15,17.1,17.18,16.8,17.1,33895875,576329869,-0.05,-0.2915,17.003,0.1652,3.50872E+11,3.69673E+11,20518818557,7.3052
600000.SH,浦发银行,2016-12-05,17.1,16.95,17.32,16.91,17.3,38201368,655302810,0.2,1.1696,17.1539,0.1862,3.54976E+11,3.73996E+11,20518818557,7.3906
600000.SH,浦发银行,2016-12-06,17.3,17.28,17.42,17.2,17.22,20948075,362989434,-0.08,-0.4624,17.3281,0.1021,3.53334E+11,3.72267E+11,20518818557,7.3565
600000.SH,浦发银行,2016-12-07,17.22,17.17,17.2,17.06,17.07,15550748,265825550,-0.15,-0.8711,17.0941,0.0758,3.50256E+11,3.69024E+11,20518818557,7.2924
600000.SH,浦发银行,2016-12-08,17.07,17.15,17.2,17.04,17.14,13234569,226759229,0.07,0.4101,17.1339,0.0645,3.51693E+11,3.70537E+11,20518818557,7.3223
600000.SH,浦发银行,2016-12-09,17.14,17.14,17.46,17.12,17.34,28835648,500164630,0.2,1.1669,17.3454,0.1405,3.55796E+11,3.74861E+11,20518818557,7.4077
600000.SH,浦发银行,2016-12-12,17.34,17.34,17.57,17.19,17.49,48359554,841905183,0.15,0.8651,17.4093,0.2357,3.58874E+11,3.78104E+11,20518818557,7.4718
600000.SH,浦发银行,2016-12-13,17.49,17.36,17.44,17.16,17.17,15602869,270112439,-0.32,-1.8296,17.3117,0.076,3.52308E+11,3.71186E+11,20518818557,7.3351
600000.SH,浦发银行,2016-12-14,17.17,17.17,17.42,17.12,17.18,17860552,309185673,0.01,0.0582,17.3111,0.087,3.52513E+11,3.71402E+11,20518818557,7.3394
600000.SH,浦发银行,2016-12-15,17.18,17.13,17.13,16.7,16.7,30809613,517398943,-0.48,-2.7939,16.7934,0.1502,3.42664E+11,3.61025E+11,20518818557,7.1343
600000.SH,浦发银行,2016-12-16,16.7,16.7,16.83,16.63,16.66,14531366,242842108,-0.04,-0.2395,16.7116,0.0708,3.41844E+11,3.60161E+11,20518818557,7.1172
600000.SH,浦发银行,2016-12-19,16.66,16.65,16.7,16.51,16.52,8483493,140430889,-0.14,-0.8403,16.5534,0.0413,3.38971E+11,3.57134E+11,20518818557,7.0574
600000.SH,浦发银行,2016-12-20,16.52,16.52,16.56,16.12,16.28,22525817,366213562,-0.24,-1.4528,16.2575,0.1098,3.34046E+11,3.51946E+11,20518818557,6.9549
600000.SH,浦发银行,2016-12-21,16.28,16.26,16.37,16.25,16.32,12638809,206022869,0.04,0.2457,16.3008,0.0616,3.34867E+11,3.5281E+11,20518818557,6.972
600000.SH,浦发银行,2016-12-22,16.32,16.32,16.33,16.14,16.19,11499190,186428629,-0.13,-0.7966,16.2123,0.056,3.322E+11,3.5E+11,20518818557,6.9164
600000.SH,浦发银行,2016-12-23,16.19,16.17,16.22,16.07,16.19,11187906,180365980,0,0,16.1215,0.0545,3.322E+11,3.5E+11,20518818557,6.9164
600000.SH,浦发银行,2016-12-26,16.19,16.13,16.28,16.01,16.25,14482456,233999583,0.06,0.3706,16.1575,0.0706,3.33431E+11,3.51297E+11,20518818557,6.9421
600000.SH,浦发银行,2016-12-27,16.25,16.25,16.32,16.13,16.14,10665824,172900199,-0.11,-0.6769,16.2107,0.052,3.31174E+11,3.48919E+11,20518818557,6.8951
600000.SH,浦发银行,2016-12-28,16.14,16.14,16.19,16.03,16.09,14441526,232406679,-0.05,-0.3098,16.0929,0.0704,3.30148E+11,3.47838E+11,20518818557,6.8737
600000.SH,浦发银行,2016-12-29,16.09,16.09,16.15,15.99,16.07,11851308,190400022,-0.02,-0.1243,16.0657,0.0578,3.29737E+11,3.47406E+11,20518818557,6.8652
600000.SH,浦发银行,2016-12-30,16.07,16.07,16.23,16.04,16.21,12262167,197653917,0.14,0.8712,16.119,0.0598,3.3261E+11,3.50432E+11,20518818557,6.925
600000.SH,浦发银行,2017-01-03,16.21,16.21,16.44,16.17,16.3,16237125,265043268,0.09,0.5552,16.3233,0.0791,3.34457E+11,3.52378E+11,20518818557,6.6362
600000.SH,浦发银行,2017-01-04,16.3,16.29,16.35,16.18,16.33,29658734,482612222,0.03,0.184,16.2722,0.1445,3.35072E+11,3.53027E+11,20518818557,6.6485
600000.SH,浦发银行,2017-01-05,16.33,16.3,16.38,16.24,16.3,26437646,431449126,-0.03,-0.1837,16.3195,0.1288,3.34457E+11,3.52378E+11,20518818557,6.6362
600000.SH,浦发银行,2017-01-06,16.3,16.3,16.3,16.13,16.18,17195598,278864536,-0.12,-0.7362,16.2172,0.0838,3.31994E+11,3.49784E+11,20518818557,6.5874
600000.SH,浦发银行,2017-01-09,16.18,16.24,16.29,16.13,16.2,14908745,241579598,0.02,0.1236,16.2039,0.0727,3.32405E+11,3.50216E+11,20518818557,6.5955
600000.SH,浦发银行,2017-01-10,16.2,16.18,16.24,16.14,16.19,7996756,129458363,-0.01,-0.0617,16.1889,0.039,3.322E+11,3.5E+11,20518818557,6.5915
600000.SH,浦发银行,2017-01-11,16.19,16.24,16.24,16.15,16.16,9193332,148793816,-0.03,-0.1853,16.185,0.0448,3.31584E+11,3.49351E+11,20518818557,6.5792
600000.SH,浦发银行,2017-01-12,16.16,16.18,16.2,16.11,16.12,8296150,134057682,-0.04,-0.2475,16.159,0.0404,3.30763E+11,3.48487E+11,20518818557,6.563
600000.SH,浦发银行,2017-01-13,16.12,16.1,16.29,16.1,16.27,19034143,308468975,0.15,0.9305,16.2061,0.0928,3.33841E+11,3.51729E+11,20518818557,6.624
600000.SH,浦发银行,2017-01-16,16.27,16.23,16.6,16.1,16.56,53304724,876414508,0.29,1.7824,16.4416,0.2598,3.39792E+11,3.57999E+11,20518818557,6.7421
600000.SH,浦发银行,2017-01-17,16.56,16.46,16.54,16.37,16.4,12555292,206230538,-0.16,-0.9662,16.4258,0.0612,3.36509E+11,3.5454E+11,20518818557,6.677
600000.SH,浦发银行,2017-01-18,16.4,16.42,16.55,16.36,16.48,11478663,189191354,0.08,0.4878,16.482,0.0559,3.3815E+11,3.56269E+11,20518818557,6.7095
600000.SH,浦发银行,2017-01-19,16.48,16.43,16.64,16.43,16.54,12180687,201675871,0.06,0.3641,16.557,0.0594,3.39381E+11,3.57566E+11,20518818557,6.734
600000.SH,浦发银行,2017-01-20,16.54,16.58,16.66,16.5,16.6,14288268,236958622,0.06,0.3628,16.5841,0.0696,3.40612E+11,3.58863E+11,20518818557,6.7584
600000.SH,浦发银行,2017-01-23,16.6,16.66,16.69,16.51,16.57,14616540,242945923,-0.03,-0.1807,16.6213,0.0712,3.39997E+11,3.58215E+11,20518818557,6.7462
600000.SH,浦发银行,2017-01-24,16.57,16.58,16.7,16.58,16.69,14985241,249503391,0.12,0.7242,16.6499,0.073,3.42459E+11,3.60809E+11,20518818557,6.795
600000.SH,浦发银行,2017-01-25,16.69,16.69,16.74,16.61,16.69,11284869,188172530,0,0,16.6748,0.055,3.42459E+11,3.60809E+11,20518818557,6.795
600000.SH,浦发银行,2017-01-26,16.69,16.69,16.84,16.61,16.74,8602907,144343272,0.05,0.2996,16.7784,0.0419,3.43485E+11,3.6189E+11,20518818557,6.8154
600000.SH,浦发银行,2017-02-03,16.74,16.82,16.85,16.62,16.63,8174289,136532939,-0.11,-0.6571,16.7027,0.0398,3.41228E+11,3.59512E+11,20518818557,6.7706
600000.SH,浦发银行,2017-02-06,16.63,16.75,16.78,16.66,16.66,13455850,225037394,0.03,0.1804,16.7241,0.0656,3.41844E+11,3.60161E+11,20518818557,6.7828
600000.SH,浦发银行,2017-02-07,16.66,16.65,16.74,16.63,16.67,14759284,246037892,0.01,0.06,16.67,0.0719,3.42049E+11,3.60377E+11,20518818557,6.7869
600000.SH,浦发银行,2017-02-08,16.67,16.63,16.69,16.54,16.67,11238867,186815177,0,0,16.6222,0.0548,3.42049E+11,3.60377E+11,20518818557,6.7869
600000.SH,浦发银行,2017-02-09,16.67,16.68,16.77,16.59,16.72,11393034,190339364,0.05,0.2999,16.7066,0.0555,3.43075E+11,3.61458E+11,20518818557,6.8072
600000.SH,浦发银行,2017-02-10,16.72,16.76,16.84,16.7,16.78,13985262,234489132,0.06,0.3589,16.7669,0.0682,3.44306E+11,3.62755E+11,20518818557,6.8317
600000.SH,浦发银行,2017-02-13,16.78,16.88,16.9,16.78,16.85,19992872,336932200,0.07,0.4172,16.8526,0.0974,3.45742E+11,3.64268E+11,20518818557,6.8602
600000.SH,浦发银行,2017-02-14,16.85,16.87,16.88,16.74,16.75,12987235,217924152,-0.1,-0.5935,16.7799,0.0633,3.4369E+11,3.62106E+11,20518818557,6.8195
600000.SH,浦发银行,2017-02-15,16.75,16.82,16.93,16.75,16.84,25688032,433573962,0.09,0.5373,16.8784,0.1252,3.45537E+11,3.64052E+11,20518818557,6.8561
600000.SH,浦发银行,2017-02-16,16.84,16.88,16.91,16.76,16.78,16327832,274241728,-0.06,-0.3563,16.796,0.0796,3.44306E+11,3.62755E+11,20518818557,6.8317
600000.SH,浦发银行,2017-02-17,16.78,16.78,16.82,16.59,16.64,13863642,231623672,-0.14,-0.8343,16.7073,0.0676,3.41433E+11,3.59728E+11,20518818557,6.7747
600000.SH,浦发银行,2017-02-20,16.64,16.62,16.98,16.62,16.91,29949984,503858485,0.27,1.6226,16.8233,0.146,3.46973E+11,3.65565E+11,20518818557,6.8846
600000.SH,浦发银行,2017-02-21,16.91,16.88,17.08,16.81,16.88,17509118,296489045,-0.03,-0.1774,16.9334,0.0853,3.46358E+11,3.64917E+11,20518818557,6.8724
600000.SH,浦发银行,2017-02-22,16.88,16.88,16.9,16.73,16.75,17032277,285870629,-0.13,-0.7701,16.7841,0.083,3.4369E+11,3.62106E+11,20518818557,6.8195
600000.SH,浦发银行,2017-02-23,16.75,16.78,16.83,16.64,16.69,15011148,250909254,-0.06,-0.3582,16.7149,0.0732,3.42459E+11,3.60809E+11,20518818557,6.795
600000.SH,浦发银行,2017-02-24,16.69,16.67,16.75,16.66,16.71,11594971,193610637,0.02,0.1198,16.6978,0.0565,3.42869E+11,3.61241E+11,20518818557,6.8032
600000.SH,浦发银行,2017-02-27,16.71,16.69,16.72,16.53,16.59,13732273,228302043,-0.12,-0.7181,16.6252,0.0669,3.40407E+11,3.58647E+11,20518818557,6.7543
600000.SH,浦发银行,2017-02-28,16.59,16.58,16.67,16.53,16.59,12097943,200661656,0,0,16.5864,0.059,3.40407E+11,3.58647E+11,20518818557,6.7543
600000.SH,浦发银行,2017-03-01,16.59,16.58,16.62,16.52,16.56,16226984,268840218,-0.03,-0.1808,16.5675,0.0791,3.39792E+11,3.57999E+11,20518818557,6.7421
600000.SH,浦发银行,2017-03-02,16.56,16.62,16.62,16.39,16.41,18996632,312626391,-0.15,-0.9058,16.4569,0.0926,3.36714E+11,3.54756E+11,20518818557,6.681
600000.SH,浦发银行,2017-03-03,16.41,16.42,16.43,16.32,16.35,12429467,203315662,-0.06,-0.3656,16.3576,0.0606,3.35483E+11,3.53459E+11,20518818557,6.6566
600000.SH,浦发银行,2017-03-06,16.35,16.37,16.53,16.35,16.41,15703751,258165904,0.06,0.367,16.4398,0.0765,3.36714E+11,3.54756E+11,20518818557,6.681
600000.SH,浦发银行,2017-03-07,16.41,16.38,16.45,16.37,16.43,9319842,152969168,0.02,0.1219,16.4133,0.0454,3.37124E+11,3.55188E+11,20518818557,6.6892
600000.SH,浦发银行,2017-03-08,16.43,16.4,16.44,16.35,16.39,10109647,165715073,-0.04,-0.2435,16.3918,0.0493,3.36303E+11,3.54324E+11,20518818557,6.6729
600000.SH,浦发银行,2017-03-09,16.39,16.37,16.4,16.22,16.22,17366025,282644706,-0.17,-1.0372,16.2757,0.0846,3.32815E+11,3.50649E+11,20518818557,6.6037
600000.SH,浦发银行,2017-03-10,16.22,16.23,16.28,16.17,16.23,16396375,265663459,0.01,0.0617,16.2026,0.0799,3.3302E+11,3.50865E+11,20518818557,6.6077
600000.SH,浦发银行,2017-03-13,16.23,16.23,16.34,16.16,16.34,17950147,291999358,0.11,0.6778,16.2672,0.0875,3.35277E+11,3.53243E+11,20518818557,6.6525
600000.SH,浦发银行,2017-03-14,16.34,16.34,16.35,16.24,16.26,16988979,276642688,-0.08,-0.4896,16.2837,0.0828,3.33636E+11,3.51513E+11,20518818557,6.62
600000.SH,浦发银行,2017-03-15,16.26,16.24,16.28,16.17,16.24,18900324,306175990,-0.02,-0.123,16.1995,0.0921,3.33226E+11,3.51081E+11,20518818557,6.6118
600000.SH,浦发银行,2017-03-16,16.24,16.27,16.35,16.25,16.29,19036545,310417986,0.05,0.3079,16.3064,0.0928,3.34252E+11,3.52162E+11,20518818557,6.6322
600000.SH,浦发银行,2017-03-17,16.29,16.3,16.32,16.14,16.2,21560354,350179470,-0.09,-0.5525,16.2418,0.1051,3.32405E+11,3.50216E+11,20518818557,6.5955
600000.SH,浦发银行,2017-03-20,16.2,16.24,16.25,16.13,16.14,15017806,242775930,-0.06,-0.3704,16.1659,0.0695,3.48919E+11,3.48919E+11,21618279922,6.5711
600000.SH,浦发银行,2017-03-21,16.14,16.15,16.16,15.98,16,31124617,499206643,-0.14,-0.8674,16.039,0.144,3.45892E+11,3.45892E+11,21618279922,6.5141
600000.SH,浦发银行,2017-03-22,16,15.98,15.98,15.7,15.78,43811429,691677895,-0.22,-1.375,15.7876,0.2027,3.41136E+11,3.41136E+11,21618279922,6.4245
600000.SH,浦发银行,2017-03-23,15.78,15.8,15.92,15.79,15.88,22225660,352635979,0.1,0.6337,15.8662,0.1028,3.43298E+11,3.43298E+11,21618279922,6.4652
600000.SH,浦发银行,2017-03-24,15.88,15.85,16,15.83,15.96,19902006,316984958,0.08,0.5038,15.9273,0.0921,3.45028E+11,3.45028E+11,21618279922,6.4978
600000.SH,浦发银行,2017-03-27,15.96,15.97,16.13,15.9,16.04,18997369,304990151,0.08,0.5013,16.0543,0.0879,3.46757E+11,3.46757E+11,21618279922,6.5304
600000.SH,浦发银行,2017-03-28,16.04,16.11,16.13,15.97,16.01,13212969,211750766,-0.03,-0.187,16.026,0.0611,3.46109E+11,3.46109E+11,21618279922,6.5182
600000.SH,浦发银行,2017-03-29,16.01,16.01,16.11,15.8,15.87,23446792,372794465,-0.14,-0.8745,15.8996,0.1085,3.43082E+11,3.43082E+11,21618279922,6.4612
600000.SH,浦发银行,2017-03-30,15.87,15.88,15.9,15.72,15.81,23645144,373665115,-0.06,-0.3781,15.803,0.1094,3.41785E+11,3.41785E+11,21618279922,6.4368
600000.SH,浦发银行,2017-03-31,15.81,15.78,16.05,15.77,16.01,24187120,385793421,0.2,1.265,15.9504,0.1119,3.46109E+11,3.46109E+11,21618279922,6.5182
600000.SH,浦发银行,2017-04-05,16.01,16.05,16.2,15.89,16.16,31036271,499121565,0.15,0.9369,16.0819,0.1436,3.49351E+11,3.49351E+11,21618279922,6.5792
600000.SH,浦发银行,2017-04-06,16.16,16.09,16.18,16.03,16.1,22335442,359361840,-0.06,-0.3713,16.0893,0.1033,3.48054E+11,3.48054E+11,21618279922,6.5548
600000.SH,浦发银行,2017-04-07,16.1,16.06,16.16,16.02,16.1,20126948,323821647,0,0,16.089,0.0931,3.48054E+11,3.48054E+11,21618279922,6.5548
600000.SH,浦发银行,2017-04-10,16.1,16.12,16.12,15.94,15.97,16154024,258662668,-0.13,-0.8075,16.0123,0.0747,3.45244E+11,3.45244E+11,21618279922,6.5019
600000.SH,浦发银行,2017-04-11,15.97,15.97,15.99,15.81,15.89,18611375,295381671,-0.08,-0.5009,15.871,0.0861,3.43514E+11,3.43514E+11,21618279922,6.4693
600000.SH,浦发银行,2017-04-12,15.89,15.88,15.96,15.75,15.89,22210541,352357729,0,0,15.8644,0.1027,3.43514E+11,3.43514E+11,21618279922,6.4693
600000.SH,浦发银行,2017-04-13,15.89,15.88,15.89,15.73,15.75,23426650,369388222,-0.14,-0.8811,15.7679,0.1084,3.40488E+11,3.40488E+11,21618279922,6.4123
600000.SH,浦发银行,2017-04-14,15.75,15.76,15.78,15.42,15.51,40156553,625510632,-0.24,-1.5238,15.5768,0.1858,3.353E+11,3.353E+11,21618279922,6.3146
600000.SH,浦发银行,2017-04-17,15.51,15.53,15.6,15.3,15.56,36739448,566536789,0.05,0.3224,15.4204,0.1699,3.3638E+11,3.3638E+11,21618279922,6.335
600000.SH,浦发银行,2017-04-18,15.56,15.5,15.52,15.3,15.3,22889980,351624622,-0.26,-1.671,15.3615,0.1059,3.3076E+11,3.3076E+11,21618279922,6.2291
600000.SH,浦发银行,2017-04-19,15.3,15.25,15.27,15.11,15.11,24455407,371021507,-0.19,-1.2418,15.1713,0.1131,3.26652E+11,3.26652E+11,21618279922,6.1518
600000.SH,浦发银行,2017-04-20,15.11,15.12,15.14,14.9,14.91,41061406,614436383,-0.2,-1.3236,14.9638,0.1899,3.22329E+11,3.22329E+11,21618279922,6.0703
600000.SH,浦发银行,2017-04-21,14.91,14.92,15.07,14.85,15.05,22688358,340453104,0.14,0.939,15.0056,0.1049,3.25355E+11,3.25355E+11,21618279922,6.1273
600000.SH,浦发银行,2017-04-24,15.05,15.05,15.11,14.91,15,17627803,264649933,-0.05,-0.3322,15.0132,0.0815,3.24274E+11,3.24274E+11,21618279922,6.107
600000.SH,浦发银行,2017-04-25,15,15.02,15.1,14.99,15.05,12975919,195296862,0.05,0.3333,15.0507,0.06,3.25355E+11,3.25355E+11,21618279922,6.1273
600000.SH,浦发银行,2017-04-26,15.05,15.06,15.11,15,15.05,14939871,225022668,0,0,15.0619,0.0691,3.25355E+11,3.25355E+11,21618279922,6.1273
600000.SH,浦发银行,2017-04-27,15.05,15.05,15.25,15.03,15.21,22887645,345791526,0.16,1.0631,15.1082,0.1059,3.28814E+11,3.28814E+11,21618279922,6.1925
600000.SH,浦发银行,2017-04-28,15.21,15.15,15.22,15.08,15.21,15718509,238419161,0,0,15.1681,0.0727,3.28814E+11,3.28814E+11,21618279922,6.1925
600000.SH,浦发银行,2017-05-02,15.21,15.21,15.22,15.13,15.16,12607509,191225527,-0.05,-0.3287,15.1676,0.0583,3.27733E+11,3.27733E+11,21618279922,6.1721
600000.SH,浦发银行,2017-05-03,15.16,15.16,15.16,15.05,15.08,14247943,215130847,-0.08,-0.5277,15.0991,0.0659,3.26004E+11,3.26004E+11,21618279922,6.1395
600000.SH,浦发银行,2017-05-04,15.08,15.07,15.07,14.9,14.98,19477788,291839737,-0.1,-0.6631,14.9832,0.0901,3.23842E+11,3.23842E+11,21618279922,6.0988
600000.SH,浦发银行,2017-05-05,14.98,14.95,14.98,14.52,14.92,40194577,592160198,-0.06,-0.4005,14.7323,0.1859,3.22545E+11,3.22545E+11,21618279922,6.0744
600000.SH,浦发银行,2017-05-08,14.92,14.78,14.9,14.51,14.86,43568576,638781010,-0.06,-0.4021,14.6615,0.2015,3.21248E+11,3.21248E+11,21618279922,6.05
600000.SH,浦发银行,2017-05-09,14.86,14.69,14.84,14.66,14.76,19225492,283864640,-0.1,-0.6729,14.765,0.0889,3.19086E+11,3.19086E+11,21618279922,6.0093
,,,,,,,,,,,,,,,,,
数据来源：Wind资讯,,,,,,,,,,,,,,,,,