createTime,education,salary
2020/3/16 11:30,本科,20k-35k
2020/3/16 10:58,本科,20k-40k
2020/3/16 10:46,不限,20k-35k
2020/3/16 10:45,本科,13k-20k
2020/3/16 10:20,本科,10k-20k
2020/3/16 10:33,本科,10k-18k
2020/3/16 10:11,硕士,16k-30k
2020/3/16 09:49,本科,10k-15k
2020/3/16 09:25,不限,6k-8k
2020/3/16 09:35,本科,12k-20k
2020/3/16 10:34,本科,15k-25k
2020/3/16 09:30,本科,8k-12k
2020/3/16 11:30,本科,20k-40k
2020/3/16 10:54,本科,20k-30k
2020/3/15 12:14,本科,25k-35k
2020/3/16 10:52,硕士,10k-15k
2020/3/16 10:36,本科,25k-50k
2020/3/16 11:01,本科,10k-15k
2020/3/16 11:01,本科,30k-40k
2020/3/16 11:03,本科,15k-25k
2020/3/16 11:00,本科,8k-15k
2020/3/16 11:04,本科,20k-40k
2020/3/16 11:30,本科,15k-25k
2020/3/16 11:02,本科,15k-30k
2020/3/16 11:01,本科,15k-20k
2020/3/16 11:19,本科,10k-20k
2020/3/16 11:04,本科,20k-40k
2020/3/16 11:04,本科,20k-40k
2020/3/16 11:30,本科,15k-25k
2020/3/16 10:27,本科,15k-20k
2020/3/16 10:43,硕士,15k-30k
2020/3/16 11:01,本科,15k-30k
2020/3/16 10:07,硕士,15k-30k
2020/3/16 11:04,本科,25k-35k
2020/3/16 10:43,本科,18k-30k
2020/3/13 18:01,本科,12k-20k
2020/3/16 10:15,本科,15k-30k
2020/3/16 11:04,本科,30k-50k
2020/3/16 11:01,不限,25k-35k
2020/3/16 11:35,本科,25k-35k
2020/3/16 11:30,本科,15k-25k
2020/3/16 11:30,本科,20k-40k
2020/3/16 11:18,本科,10k-15k
2020/3/16 11:16,本科,20k-40k
2020/3/16 10:59,本科,8k-16k
2020/3/16 11:01,不限,25k-35k
2020/3/16 11:35,本科,8k-15k
2020/3/16 11:30,本科,15k-20k
2020/3/16 11:29,本科,12k-20k
2020/3/16 11:35,本科,10k-15k
2020/3/16 11:28,本科,9k-18k
2020/3/16 11:32,本科,10k-20k
2020/3/16 11:33,本科,13k-20k
2020/3/16 11:30,本科,30k-60k
2020/3/16 11:09,本科,10k-20k
2020/3/16 11:35,本科,20k-30k
2020/3/16 11:01,本科,15k-30k
2020/3/16 10:57,本科,15k-25k
2020/3/16 10:51,本科,7k-12k
2020/3/16 10:46,本科,15k-30k
2020/3/16 10:51,本科,7k-12k
2020/3/16 10:54,本科,15k-20k
2020/3/16 10:41,本科,30k-40k
2020/3/16 10:41,本科,20k-30k
2020/3/16 10:59,本科,8k-16k
2020/3/16 10:46,本科,12k-24k
2020/3/16 10:34,本科,20k-35k
2020/3/16 10:43,本科,10k-18k
2020/3/16 10:34,本科,15k-20k
2020/3/16 10:26,本科,10k-20k
2020/3/16 10:18,本科,8k-16k
2020/3/16 11:20,本科,5k-8k
2020/3/16 11:19,本科,10k-18k
2020/3/16 11:17,本科,10k-18k
2020/3/16 11:10,本科,15k-25k
2020/3/16 10:18,本科,20k-30k
2020/3/16 11:17,本科,10k-18k
2020/3/16 11:20,本科,5k-8k
2020/3/16 11:01,本科,10k-20k
2020/3/16 11:30,本科,25k-40k
2020/3/16 11:30,本科,15k-20k
2020/3/16 10:52,本科,12k-20k
2020/3/16 10:50,本科,4k-6k
2020/3/16 10:43,本科,25k-35k
2020/3/16 10:43,本科,10k-18k
2020/3/16 11:09,本科,10k-20k
2020/3/16 10:57,本科,15k-25k
2020/3/16 10:26,本科,10k-20k
2020/3/16 11:33,本科,10k-20k
2020/3/16 10:45,本科,9k-13k
2020/3/16 11:33,本科,10k-20k
2020/3/16 10:27,硕士,12k-16k
2020/3/16 10:41,本科,30k-40k
2020/3/16 10:44,本科,25k-35k
2020/3/16 11:12,本科,10k-20k
2020/3/16 10:41,本科,18k-25k
2020/3/16 10:44,不限,3k-4k
2020/3/16 10:27,本科,20k-40k
2020/3/16 11:19,本科,10k-18k
2020/3/16 11:17,本科,10k-18k
2020/3/16 11:10,本科,15k-25k
2020/3/16 11:01,本科,30k-45k
2020/3/16 10:21,大专,10k-20k
2020/3/16 11:21,本科,12k-20k
2020/3/16 10:26,大专,4k-6k
2020/3/16 11:01,本科,18k-25k
2020/3/16 10:21,大专,10k-20k
2020/3/16 10:59,本科,12k-20k
2020/3/16 11:13,本科,10k-15k
2020/3/16 10:26,大专,4k-6k
2020/3/16 11:12,本科,3k-5k
2020/3/16 10:52,本科,12k-20k
2020/3/16 11:13,本科,18k-35k
2020/3/16 10:48,本科,3k-4k
2020/3/16 10:43,本科,10k-18k
2020/3/16 11:32,本科,7k-10k
2020/3/16 11:30,本科,15k-25k
2020/3/16 11:19,本科,20k-40k
2020/3/16 11:19,本科,20k-40k
2020/3/16 09:28,本科,15k-22k
2020/3/16 10:09,本科,8k-15k
2020/3/16 11:33,本科,4k-6k
2020/3/16 11:21,本科,12k-20k
2020/3/16 11:20,本科,3k-6k
2020/3/16 10:00,本科,15k-25k
2020/3/16 11:13,本科,10k-15k
2020/3/16 11:12,本科,3k-5k
2020/3/16 09:44,硕士,10k-15k
2020/3/16 10:57,本科,15k-30k
2020/3/16 09:46,本科,15k-25k
2020/3/16 11:36,本科,10k-18k
2020/3/16 09:54,硕士,25k-50k
2020/3/16 10:48,本科,20k-40k
2020/3/16 10:46,本科,15k-23k
2020/3/16 11:19,本科,20k-40k