CUST_ID,GENDER,AGE,TENURE,CHANNEL,AUTOPAY,ARPB_3M,CALL_PARTY_CNT,DAY_MOU,AFTERNOON_MOU,NIGHT_MOU,AVG_CALL_LENGTH,BROADBAND
63,1,34,27,2,0,203,0,0,0,0,3.04,1
64,0,62,58,1,0,360,0,0,1910,0,3.2999999999999998,1
65,1,39,55,3,0,304,0,437.19999999999999,200.30000000000001,0,4.9199999999999999,0
66,1,39,55,3,0,304,0,437.19999999999999,182.80000000000001,0,4.9199999999999999,0
67,1,39,55,3,0,304,0,437.19999999999999,214.5,0,4.9199999999999999,0
68,0,39,44,4,1,355,18,332.5,369.80000000000001,407.80000000000001,4.3700000000000001,0
69,0,39,44,4,1,355,18,332.5,369.80000000000001,407.80000000000001,4.3700000000000001,0
70,0,47,36,1,0,231,0,0,220,0,4.1399999999999997,1
71,1,43,3,1,1,113,8,0,9.5,10.5,4.1100000000000003,0
72,0,48,64,3,0,540,0,288.60000000000002,145.69999999999999,345.69999999999999,4.5099999999999998,1
73,0,38,40,3,0,262,0,0,0,0,4.4400000000000004,0
74,0,38,40,3,0,262,0,0,0,0,4.4400000000000004,0
75,0,31,2,1,0,83,3,0,0,0,3.04,0
76,0,48,20,4,0,287,0,264.10000000000002,410.89999999999998,0,3.1800000000000002,0
77,0,48,20,4,0,287,0,264.10000000000002,378.19999999999999,0,3.1800000000000002,0
78,0,48,20,4,0,287,0,264.10000000000002,410.89999999999998,0,3.1800000000000002,0
79,0,48,20,4,0,287,0,264.10000000000002,410.89999999999998,0,3.1800000000000002,0
80,0,48,20,4,0,287,0,264.10000000000002,410.89999999999998,0,3.1800000000000002,0
81,0,48,20,4,0,287,0,264.10000000000002,410.89999999999998,0,3.1800000000000002,0
82,0,48,20,4,0,287,0,264.10000000000002,410.89999999999998,0,3.1800000000000002,0
83,0,48,20,4,0,287,0,264.10000000000002,410.89999999999998,0,3.1800000000000002,0
84,1,52,45,2,0,343,21,0,690,0,5.1299999999999999,1
85,0,26,10,2,0,147,9,34.200000000000003,0,0,3.5300000000000002,1
86,0,54,62,4,1,395,29,0,3952.9000000000001,1502.0999999999999,3.9100000000000001,0
87,0,54,62,4,1,395,29,0,3952.9000000000001,1502.0999999999999,3.9100000000000001,0
88,1,35,4,4,1,118,31,0,0,0,5.0800000000000001,0
89,1,42,38,1,0,314,0,0,0,0,3.3999999999999999,1
90,1,20,3,1,1,125,0,0,0,0,2.8300000000000001,0
91,0,33,17,4,1,254,17,0,70.299999999999997,149.69999999999999,3.1400000000000001,0
92,0,33,17,4,1,254,17,0,70.299999999999997,149.69999999999999,3.1400000000000001,0
93,0,33,17,4,1,254,15,0,70.299999999999997,149.69999999999999,3.1400000000000001,0
94,0,33,17,4,1,254,17,0,70.299999999999997,149.69999999999999,3.1400000000000001,0
95,0,33,17,4,1,254,17,0,70.299999999999997,149.69999999999999,3.1400000000000001,0
96,0,33,17,4,1,254,17,0,70.299999999999997,149.69999999999999,3.1400000000000001,0
97,0,33,17,4,1,254,17,0,70.299999999999997,149.69999999999999,3.1400000000000001,0
98,0,33,17,4,1,254,17,0,70.299999999999997,149.69999999999999,3.1400000000000001,0
149,0,52,62,3,0,513,0,757,741.5,706.5,5.2699999999999996,0
150,0,52,62,3,0,513,0,757,741.5,706.5,5.2699999999999996,0
151,0,35,7,1,0,154,0,0,0,0,3.8500000000000001,0
152,0,35,7,1,0,154,0,0,0,0,3.8500000000000001,0
153,1,50,50,2,1,436,14,0,2585,0,5.0099999999999998,0
154,1,50,50,2,1,436,14,0,2585,0,5.0099999999999998,0
155,1,40,2,1,1,135,0,0,0,0,3.9300000000000002,1
156,1,25,23,3,0,328,10,56,9,0,3.6400000000000001,1
157,0,32,11,4,1,126,42,39.899999999999999,39.399999999999999,120.7,4.8300000000000001,0
158,0,32,11,4,1,126,42,39.899999999999999,39.399999999999999,120.7,4.8300000000000001,0
159,0,32,11,4,1,126,42,39.899999999999999,39.399999999999999,120.7,4.8300000000000001,0
160,0,32,11,4,1,126,42,39.899999999999999,39.399999999999999,120.7,4.8300000000000001,0
161,0,32,11,4,1,126,42,39.899999999999999,39.399999999999999,120.7,4.8300000000000001,0
162,0,44,42,3,0,491,0,308.5,86.5,0,4.5999999999999996,1
163,0,51,39,4,1,292,35,103.09999999999999,49,177.80000000000001,3.71,1
164,1,25,24,2,0,213,9,0,0,0,3,0
165,1,27,50,1,0,394,0,0,750,0,3.0899999999999999,1
166,1,37,57,3,0,486,23,328.5,96.5,0,4.6799999999999997,1
167,0,53,38,4,1,229,35,329.10000000000002,248.5,442.39999999999998,5.4900000000000002,1
168,0,47,4,1,1,100,6,0,40,0,4.8100000000000005,1
169,1,29,25,2,1,309,14,0,0,0,3.4300000000000002,0
170,1,29,25,2,1,309,14,0,0,0,3.4300000000000002,0
171,1,29,25,2,1,309,14,0,0,0,3.4300000000000002,0
172,1,44,21,3,0,191,0,0,285,0,3.8500000000000001,1
173,0,45,71,2,0,951,14,0,2495,0,4.4500000000000002,1
174,0,27,38,4,1,294,20,0,90.5,274.5,3.2599999999999998,0
175,0,27,38,4,1,294,20,0,90.5,274.5,3.2599999999999998,0
176,0,27,38,4,1,294,20,0,90.5,274.5,3.2599999999999998,0
177,0,53,59,2,1,472,20,0,0,0,4.7199999999999998,0
178,0,53,59,2,1,472,20,0,0,0,4.7199999999999998,0
179,1,48,18,1,0,137,0,83.599999999999994,51.399999999999999,0,3.71,1
180,1,33,7,1,1,143,9,0,0,0,3.3700000000000001,0
181,1,33,7,1,1,143,9,0,0,0,3.3700000000000001,0
182,1,33,7,1,1,143,9,0,0,0,3.3700000000000001,0
183,0,24,7,1,0,139,0,0,0,0,3.3700000000000001,0
184,0,24,7,1,0,139,0,0,0,0,3.3700000000000001,0
185,0,22,42,4,0,237,32,87.799999999999997,26,156.09999999999999,3.8300000000000001,0
186,0,22,42,4,0,237,32,87.799999999999997,26,156.09999999999999,3.8300000000000001,0
187,0,22,42,4,0,237,32,87.799999999999997,26,156.09999999999999,3.8300000000000001,0
188,1,33,3,1,0,108,1,0,0,0,3.9300000000000002,0
189,0,33,9,1,0,113,0,83.299999999999997,191.69999999999999,0,3.8700000000000001,1
190,0,63,53,2,1,347,18,0,535,0,3.7599999999999998,1
191,1,22,12,1,1,143,0,0,0,0,2.8900000000000001,1
192,0,39,25,2,1,339,17,0,248.09999999999999,266.89999999999998,3.2599999999999998,0
193,0,39,25,2,1,339,17,0,248.09999999999999,266.89999999999998,3.2599999999999998,0
194,0,39,25,2,1,339,17,0,248.09999999999999,266.89999999999998,3.2599999999999998,0
195,1,54,33,3,0,200,15,0,0,0,4.04,0
196,1,54,33,3,0,200,15,0,0,0,4.04,0
13,1,28,34,1,0,239,0,0,0,0,3.5,0
14,1,33,33,1,0,239,0,0,0,0,3.5,0
15,1,21,45,2,1,268,0,0,415,0,2.9399999999999999,0
16,1,22,42,2,1,268,0,0,415,0,2.9399999999999999,0
17,0,41,68,2,0,533,0,0,1155,0,4.2800000000000002,1
18,1,33,5,1,1,147,7,0,0,0,4.8300000000000001,0
19,1,54,57,4,1,362,28,0,0,0,4.7400000000000002,0
20,1,54,57,4,1,362,28,0,0,0,4.7400000000000002,0
21,1,48,34,3,0,183,0,0,0,0,3.8900000000000001,1
22,0,29,26,4,1,184,29,0,236.5,373.5,4.3399999999999999,0
23,0,29,26,4,1,184,29,0,236.5,373.5,4.3399999999999999,0
24,1,30,6,2,0,125,15,0,0,0,2.77,0
25,0,48,55,1,0,351,0,0,1390,0,4.2000000000000002,1
26,0,35,20,2,1,135,12,0,0,0,3.9500000000000002,0
27,0,35,21,2,1,135,12,0,0,0,3.9500000000000002,0
28,0,32,18,2,1,135,12,0,0,0,3.9500000000000002,0
29,0,36,20,2,1,135,12,0,0,0,3.9500000000000002,0
30,0,35,19,2,1,135,12,0,0,0,3.9500000000000002,0
31,0,34,20,2,1,135,12,0,0,0,3.9500000000000002,0
32,0,32,20,2,1,135,12,0,0,0,3.9500000000000002,0
33,0,35,20,2,1,135,12,0,0,0,3.9500000000000002,0
34,0,60,54,4,1,473,27,736.79999999999995,1018.4,1029.7,5.3499999999999996,1
35,0,57,44,3,0,246,0,462.60000000000002,497.19999999999999,575.20000000000005,5.2300000000000004,1
36,1,41,11,3,0,181,0,119.40000000000001,80.599999999999994,0,3.6600000000000001,0
37,1,42,11,3,0,181,0,119.40000000000001,80.599999999999994,0,3.6600000000000001,0
38,1,41,11,3,0,181,0,119.40000000000001,80.599999999999994,0,3.6600000000000001,0
39,1,40,11,3,0,181,0,119.40000000000001,80.599999999999994,0,3.6600000000000001,0
40,1,41,11,3,0,181,0,119.40000000000001,80.599999999999994,0,3.6600000000000001,0
41,0,41,10,3,0,100,0,129.19999999999999,360.80000000000001,0,3.3999999999999999,1
42,0,36,9,4,1,163,28,0,0,0,4.1299999999999999,0
43,0,39,8,4,1,163,28,0,0,0,4.1299999999999999,0
44,0,36,9,4,1,163,28,0,0,0,4.1299999999999999,0
45,0,40,7,4,1,163,28,0,0,0,4.1299999999999999,0
46,0,36,9,4,1,163,28,0,0,0,4.1299999999999999,0
47,1,43,64,3,0,344,0,428.60000000000002,251.40000000000001,0,4.3300000000000001,1
48,0,41,65,2,1,340,18,0,1065,0,4.2999999999999998,1
49,0,39,47,4,1,205,18,0,272.80000000000001,572.20000000000005,3.5800000000000001,0
50,0,41,47,4,1,205,18,0,272.80000000000001,572.20000000000005,3.5800000000000001,0
51,1,34,9,1,0,109,4,0,0,0,3.5,0
52,1,36,9,1,0,109,4,0,0,0,3.5,0
53,1,34,9,1,0,109,4,0,0,0,3.5,0
54,1,32,9,1,0,109,4,0,0,0,3.5,0
55,1,34,9,1,0,109,4,0,0,0,3.5,0
56,1,36,5,3,1,115,0,25.600000000000001,12.6,21.800000000000001,3.3700000000000001,0
57,0,34,30,1,0,176,4,0,0,0,3.2999999999999998,0
58,0,34,30,1,0,176,4,0,0,0,3.2999999999999998,0
59,0,34,30,1,0,176,4,0,4.2000000000000002,0,3.2999999999999998,0
60,1,45,36,1,0,194,9,0,0,0,4.54,0
61,1,45,36,1,0,194,9,0,3,0,4.54,0
62,1,45,36,1,0,194,9,0,0,0,4.54,0
249,1,31,44,1,0,210,0,0,530,0,3.3999999999999999,1
250,0,76,61,3,0,422,0,972.5,442.5,0,2.71,1
251,0,21,43,2,0,202,0,0,0,0,3.2200000000000002,0
252,0,21,43,2,0,202,0,0,0,0,3.2200000000000002,0
253,0,21,43,2,0,202,0,0,0,0,3.2200000000000002,0
254,1,45,64,3,0,325,0,420.5,189.5,0,3.6400000000000001,0
255,1,45,64,3,0,325,0,420.5,189.5,0,3.6400000000000001,0
256,1,45,64,3,0,325,0,420.5,189.5,0,3.6400000000000001,0
257,0,38,64,2,0,400,0,485.39999999999998,524.60000000000002,0,3.3700000000000001,1
258,1,26,24,1,0,202,0,0,0,0,4.0099999999999998,1
259,1,33,33,2,0,226,12,0,362.19999999999999,367.80000000000001,3.7400000000000002,1
260,0,40,2,1,1,128,5,0,0,0,4.9000000000000004,1
261,1,48,42,4,1,236,0,446.39999999999998,303.60000000000002,0,4.4100000000000001,1
262,0,54,52,2,1,271,17,0,0,0,5.0300000000000002,0
263,0,54,52,2,1,271,17,0,0,0,5.0300000000000002,0
264,0,25,3,4,1,107,9,0,30,0,3.0899999999999999,0
265,1,57,28,2,1,131,12,0,0,0,4.4100000000000001,0
266,1,57,28,2,1,131,12,0,0,0,4.4100000000000001,0
267,1,57,28,2,1,131,12,0,0,0,4.4100000000000001,0
268,0,33,37,4,1,376,14,0,76.599999999999994,283.39999999999998,4.6200000000000001,1
269,0,27,7,4,1,133,27,0,0,0,3.4300000000000002,0
270,0,27,7,4,1,133,27,0,0,0,3.4300000000000002,0
271,1,46,19,1,1,171,0,0,90,0,3.2599999999999998,1
272,1,53,70,2,0,708,0,0,1085,0,5.21,1
273,0,51,62,2,1,593,24,0,296.69999999999999,718.29999999999995,3.7599999999999998,1
274,0,55,48,1,0,293,0,0,0,0,3.2599999999999998,1
275,0,42,48,3,0,308,0,0,0,0,3.5600000000000001,1
276,0,51,49,4,1,165,33,0,896.29999999999995,913.70000000000005,4.3799999999999999,0
277,0,51,49,4,1,165,33,0,896.29999999999995,913.70000000000005,4.3799999999999999,0
278,0,51,49,4,1,165,33,0,896.29999999999995,913.70000000000005,4.3799999999999999,0
279,1,39,35,3,0,187,0,0,0,0,3.3999999999999999,0
280,1,39,35,3,0,187,0,0,0,0,3.3999999999999999,0
281,1,39,35,3,0,187,0,0,0,0,3.3999999999999999,0
282,1,70,58,2,0,516,29,0,793,937,2.2000000000000002,1
283,0,43,48,2,0,360,11,567.10000000000002,927.89999999999998,0,4.0899999999999999,1
284,0,43,13,4,1,127,14,58,17,0,4.8100000000000005,1
285,0,63,72,3,0,462,0,0,2180,0,2.71,1
286,1,27,30,2,0,265,0,0,600,0,3.8500000000000001,0
287,1,27,30,2,0,265,0,0,600,0,3.8500000000000001,0
288,0,40,28,3,0,170,0,0,0,0,4.1600000000000001,1
289,0,32,48,4,0,173,0,433.39999999999998,382,574.60000000000002,4.4800000000000004,1
290,0,38,29,2,1,217,4,0,0,0,3.8300000000000001,1
291,1,21,1,1,1,104,14,0,0,0,2.8900000000000001,0
292,0,33,28,4,1,141,14,0,0,0,2.6400000000000001,0
293,0,33,28,4,1,141,14,0,0,0,2.6400000000000001,0
294,0,35,15,2,1,153,7,0,0,0,3.5300000000000002,0
1,0,42,13,1,0,124,0,0,110,0,4.1600000000000001,0
2,0,40,9,1,0,124,0,0,110,0,4.1600000000000001,0
3,0,41,13,1,0,124,0,0,110,0,4.1600000000000001,0
4,0,44,11,1,0,124,0,0,110,0,4.1600000000000001,0
5,0,44,13,1,0,124,0,0,110,0,4.1600000000000001,0
6,0,44,13,1,0,124,0,0,110,0,4.1600000000000001,0
7,0,33,11,4,0,138,0,36.200000000000003,26.600000000000001,62.200000000000003,4.9100000000000001,0
8,0,29,12,4,0,138,0,36.200000000000003,26.600000000000001,62.200000000000003,4.9100000000000001,0
9,0,33,11,4,0,138,0,36.200000000000003,26.600000000000001,62.200000000000003,4.9100000000000001,0
10,0,33,10,4,0,138,0,36.200000000000003,26.600000000000001,62.200000000000003,4.9100000000000001,0
11,0,30,11,4,0,138,0,36.200000000000003,26.600000000000001,62.200000000000003,4.9100000000000001,0
12,1,33,33,1,0,239,0,0,0,0,3.5,0
109,1,32,29,2,1,184,14,0,0,0,3.8900000000000001,0
110,1,35,14,2,1,150,0,0,0,0,3.8500000000000001,0
111,1,35,14,2,1,150,0,0,0,0,3.8500000000000001,0
112,1,35,14,2,1,150,0,0,0,0,3.8500000000000001,0
113,1,35,14,2,1,150,0,0,0,0,3.8500000000000001,0
114,1,35,14,2,1,150,0,0,0,0,3.8500000000000001,0
115,1,35,14,2,1,150,0,0,0,0,3.8500000000000001,0
116,0,40,69,2,0,555,22,31.5,2320,0,3.71,1
117,1,50,61,2,1,302,0,0,745,0,4.6200000000000001,1
118,1,22,45,2,0,249,7,0,0,0,3.5800000000000001,0
119,1,22,45,2,0,249,7,0,0,0,3.5800000000000001,0
120,1,37,3,1,1,90,0,0,0,0,3.1800000000000002,1
121,0,31,3,1,0,119,4,17.899999999999999,27.100000000000001,0,3.3300000000000001,0
122,0,42,17,2,1,166,16,0,0,0,4.8799999999999999,0
123,0,42,17,2,1,166,16,11.199999999999999,23.399999999999999,0,4.8799999999999999,0
124,0,42,17,2,1,166,13,10.6,4.7000000000000002,0,4.8799999999999999,0
125,0,42,17,2,1,166,12,0,0,0,4.8799999999999999,0
126,0,42,17,2,1,166,16,0,0,0,4.8799999999999999,0
127,0,42,17,2,1,166,16,0,0,0,4.8799999999999999,0
128,0,42,17,2,1,166,16,0,0,0,4.8799999999999999,0
129,0,42,17,2,1,166,16,0,0,0,4.8799999999999999,0
130,0,42,17,2,1,166,16,0,0,0,4.8799999999999999,0
131,0,42,17,2,1,166,16,0,0,0,4.8799999999999999,0
132,0,29,19,1,1,158,0,0,0,0,2.8900000000000001,0
133,0,29,19,1,1,158,0,0,0,0,2.8900000000000001,0
134,0,29,19,1,1,158,0,0,0,0,2.8900000000000001,0
135,0,29,19,1,1,180,0,0,0,0,2.8900000000000001,0
136,0,29,19,1,1,158,0,0,0,0,2.8900000000000001,0
137,0,29,19,1,1,158,0,0,0,0,2.8900000000000001,0
138,0,29,19,1,1,158,0,0,0,0,2.8900000000000001,0
139,0,29,19,1,1,158,0,0,0,0,2.8900000000000001,0
140,0,31,29,2,1,242,8,0,0,0,4.0899999999999999,0
141,0,31,29,2,1,242,8,0,0,0,4.0899999999999999,0
142,1,22,14,2,0,239,8,0,0,0,2.5600000000000001,0
143,1,22,14,2,0,239,8,0,0,0,2.5600000000000001,0
144,1,22,14,2,0,239,8,0,0,0,2.5600000000000001,0
145,1,22,14,2,0,239,8,0,0,0,2.5600000000000001,0
146,1,22,14,2,0,239,8,0,0,0,2.5600000000000001,0
147,1,22,14,2,0,239,8,0,0,0,2.5600000000000001,0
148,0,52,62,3,0,513,0,757,741.5,706.5,5.2699999999999996,0
349,1,35,47,4,1,265,28,0,0,0,4.25,0
350,1,34,61,4,1,427,33,342,213.80000000000001,539.20000000000005,4.25,0
351,1,34,61,4,1,427,33,342,213.80000000000001,539.20000000000005,4.25,0
352,0,38,56,4,1,552,26,262.80000000000001,113,269.19999999999999,4.0300000000000002,1
353,1,45,61,2,0,412,0,0,2200,0,4.3799999999999999,1
354,0,34,12,1,0,131,0,0,0,0,3.7800000000000002,1
355,1,31,10,2,1,158,9,0,0,0,3.4699999999999998,0
356,1,31,10,2,1,158,9,0,0,0,3.4699999999999998,0
357,1,31,10,2,1,158,9,0,0,0,3.4699999999999998,0
358,1,31,10,2,1,158,9,0,0,0,3.4699999999999998,0
359,1,31,10,2,1,158,9,0,0,0,3.4699999999999998,0
360,0,31,53,2,0,592,24,665.70000000000005,1349.3,0,3.8300000000000001,1
361,1,57,60,3,0,401,0,387.89999999999998,268,589.10000000000002,4.6699999999999999,1
362,1,31,64,2,1,533,16,0,388.39999999999998,726.60000000000002,3.8300000000000001,1
363,0,49,46,1,0,195,0,0,945,0,3.9300000000000002,0
364,0,49,46,1,0,195,0,0,945,0,3.9300000000000002,0
365,0,49,46,1,0,195,0,0,945,0,3.9300000000000002,0
366,0,43,61,4,1,551,38,629.10000000000002,528.29999999999995,822.60000000000002,3.5300000000000002,0
367,0,43,61,4,1,551,38,629.10000000000002,528.29999999999995,822.60000000000002,3.5300000000000002,0
368,0,43,61,4,1,551,38,629.10000000000002,528.29999999999995,822.60000000000002,3.5300000000000002,0
369,0,38,28,4,1,151,28,0,0,0,4.7800000000000002,0
370,0,38,28,4,1,151,28,0,0,0,4.7800000000000002,0
371,0,38,28,4,1,151,28,0,0,0,4.7800000000000002,0
372,1,43,32,3,0,416,0,257.10000000000002,119,133.90000000000001,4.9800000000000004,1
373,1,42,52,3,0,443,0,641.39999999999998,408.60000000000002,0,3.2999999999999998,1
374,0,43,37,2,0,212,0,0,0,0,3.6400000000000001,1
375,0,52,41,3,0,203,0,301.89999999999998,163.09999999999999,0,6.8300000000000001,1
376,1,60,67,3,0,552,0,0,1530,0,3.1800000000000002,1
377,1,32,44,4,1,155,43,89.400000000000006,35.600000000000001,235,4.5600000000000005,1
378,1,29,50,4,0,314,34,239.09999999999999,59.799999999999997,241.19999999999999,3.9699999999999998,1
379,1,31,5,1,1,102,0,0,0,0,3.04,0
380,1,34,10,2,1,136,14,0,0,0,3.9500000000000002,0
381,1,34,10,2,1,136,14,0,0,0,3.9500000000000002,0
382,1,34,10,2,1,136,14,0,0,0,3.9500000000000002,0
383,1,34,10,2,1,136,14,0,0,0,3.9500000000000002,0
384,1,34,10,2,1,136,14,0,0,0,3.9500000000000002,0
385,1,45,65,3,0,247,9,842.79999999999995,1462.2,0,4.2000000000000002,1
386,0,45,8,2,1,143,13,0,0,0,3.6099999999999999,0
387,1,20,1,1,1,68,5,0,0,0,3.04,0
388,1,58,42,2,0,122,0,0,0,0,3.0899999999999999,1
389,1,35,17,3,0,212,0,0,0,0,4.3399999999999999,1
390,1,24,8,4,1,109,20,39.299999999999997,46.299999999999997,79.400000000000006,2.8900000000000001,0
391,0,46,56,2,1,504,14,0,525,0,3.5,1
392,1,57,42,1,0,239,0,0,475,0,5.3399999999999999,1
99,0,33,17,4,1,254,17,0,70.299999999999997,149.69999999999999,3.1400000000000001,0
100,0,33,17,4,1,254,17,0,70.299999999999997,149.69999999999999,3.1400000000000001,0
101,1,36,43,2,0,281,3,338.80000000000001,571.20000000000005,0,4.6699999999999999,0
102,1,36,43,2,0,281,4,338.80000000000001,571.20000000000005,0,4.6699999999999999,0
103,1,36,43,2,0,281,1,338.80000000000001,571.20000000000005,0,4.6699999999999999,0
104,1,25,47,3,0,223,5,312.69999999999999,92.299999999999997,0,3.04,0
105,1,25,47,3,0,223,3,312.69999999999999,92.299999999999997,0,3.04,0
106,0,20,13,4,1,111,12,0,155,0,2.8300000000000001,1
107,0,24,12,3,0,130,0,140.40000000000001,154.59999999999999,0,2.9399999999999999,0
108,1,32,29,2,1,184,14,0,0,0,3.8900000000000001,0
205,0,39,71,3,0,775,0,1097.4000000000001,1522.5999999999999,0,3.6899999999999999,1
206,1,51,17,1,0,199,0,0,0,0,4.5499999999999998,0
207,1,51,17,1,0,199,0,0,0,0,4.5499999999999998,0
208,1,51,17,1,0,199,0,0,0,0,4.5499999999999998,0
209,1,51,17,1,0,199,0,0,0,0,4.5499999999999998,0
210,1,51,17,1,0,199,0,0,0,0,4.5499999999999998,0
211,1,51,17,1,0,199,0,0,0,0,4.5499999999999998,0
212,1,51,17,1,0,199,0,0,0,0,4.5499999999999998,0
213,1,51,17,1,0,199,0,0,0,0,4.5499999999999998,0
214,1,51,17,1,0,199,0,0,0,0,4.5499999999999998,0
215,1,51,17,1,0,199,0,0,0,0,4.5499999999999998,0
216,0,65,65,3,0,474,0,586,354,0,4.8499999999999996,1
217,1,40,7,1,1,106,0,0,0,0,3.5,1
218,1,66,72,4,0,1838,28,0,1245,0,6.1299999999999999,1
219,0,43,35,1,0,204,0,0,330,0,5.4100000000000001,1
220,0,63,63,2,0,304,0,0,435,0,5.25,1
221,0,31,38,4,0,303,0,240.09999999999999,384.19999999999999,540.70000000000005,5.2300000000000004,0
222,0,31,38,4,0,303,0,240.09999999999999,384.19999999999999,540.70000000000005,5.2300000000000004,0
223,0,31,38,4,0,303,0,240.09999999999999,384.19999999999999,540.70000000000005,5.2300000000000004,0
224,1,69,72,3,0,2049,0,0,875,0,3.7800000000000002,1
225,1,27,10,4,1,200,30,12.800000000000001,7.5,39.700000000000003,2.71,0
226,1,27,10,4,1,200,30,12.800000000000001,7.5,39.700000000000003,2.71,0
227,1,27,10,4,1,200,30,12.800000000000001,7.5,39.700000000000003,2.71,0
228,1,27,10,4,1,200,30,12.800000000000001,7.5,39.700000000000003,2.71,0
229,1,27,10,4,1,200,30,12.800000000000001,7.5,39.700000000000003,2.71,0
230,0,33,3,1,1,93,2,0,0,0,4.1600000000000001,0
231,0,24,39,1,1,258,0,0,480,0,3.2599999999999998,0
232,0,24,39,1,1,258,0,0,480,0,3.2599999999999998,0
233,0,24,39,1,1,258,0,0,480,0,3.2599999999999998,0
234,0,25,23,4,1,189,18,0,0,0,2.9399999999999999,0
235,0,25,23,4,1,189,18,0,0,0,2.9399999999999999,0
236,0,25,23,4,1,189,18,0,0,0,2.9399999999999999,0
237,0,25,23,4,1,189,18,0,0,0,2.9399999999999999,0
238,0,25,23,4,1,189,18,0,0,0,2.9399999999999999,0
239,0,25,23,4,1,189,18,0,0,0,2.9399999999999999,0
240,1,30,8,3,0,135,0,0,75,0,3.5300000000000002,1
241,1,36,3,4,1,104,5,0,0,0,3.5300000000000002,1
242,1,30,6,1,0,77,0,0,0,0,3.8100000000000001,0
243,0,47,48,4,0,356,0,292.19999999999999,164,333.69999999999999,4.2800000000000002,0
244,0,47,48,4,0,356,0,292.19999999999999,164,333.69999999999999,4.2800000000000002,0
245,1,43,43,4,0,232,29,256.19999999999999,100.59999999999999,318.19999999999999,4.0099999999999998,1
246,0,33,6,3,0,172,0,35.600000000000001,46.100000000000001,43.299999999999997,3.2599999999999998,0
247,0,37,7,1,0,126,0,0,0,0,4.04,1
248,0,52,50,4,1,289,0,678.60000000000002,592.20000000000005,1059.2,3.5800000000000001,1
449,0,32,5,1,1,114,3,0,0,0,3.5,0
450,1,37,19,2,1,210,0,0,0,0,4.5999999999999996,0
451,1,37,19,2,1,210,0,0,0,0,4.5999999999999996,0
452,1,37,19,2,1,210,0,0,0,0,4.5999999999999996,0
453,1,37,19,2,1,210,0,0,0,0,4.5999999999999996,0
454,1,37,19,2,1,210,0,0,0,0,4.5999999999999996,0
455,1,37,19,2,1,210,0,0,0,0,4.5999999999999996,0
456,1,37,19,2,1,210,0,0,0,0,4.5999999999999996,0
457,1,37,19,2,1,210,0,0,0,0,4.5999999999999996,0
458,1,40,54,4,1,506,0,0,40.700000000000003,269.30000000000001,3.9100000000000001,1
459,0,36,1,2,1,77,4,0,0,0,3.04,0
460,1,68,54,1,1,417,0,0,325,0,5.6100000000000003,1
461,0,28,14,1,1,166,2,0,0,0,2.8300000000000001,0
462,0,28,14,1,1,166,2,0,0,0,2.8300000000000001,0
463,0,28,14,1,1,166,2,0,0,0,2.8300000000000001,0
464,0,28,14,1,1,166,2,0,0,0,2.8300000000000001,0
465,0,28,14,1,1,166,2,0,0,0,2.8300000000000001,0
466,0,28,14,1,1,166,2,0,0,0,2.8300000000000001,0
467,1,45,10,2,1,164,9,0,0,0,4.7400000000000002,0
468,1,45,10,2,1,164,9,0,0,0,4.7400000000000002,0
469,1,45,10,2,1,164,9,0,0,0,4.7400000000000002,0
470,1,45,10,2,1,164,9,0,0,0,4.7400000000000002,0
471,1,45,10,2,1,164,9,0,0,0,4.7400000000000002,0
472,1,23,7,1,0,123,0,31.699999999999999,23.300000000000001,0,3.2999999999999998,1
473,0,45,33,3,0,163,0,378.19999999999999,401.80000000000001,0,3.5600000000000001,0
474,0,45,33,3,0,163,0,378.19999999999999,401.80000000000001,0,3.5600000000000001,0
475,0,55,72,2,0,735,0,0,2770,0,3.6899999999999999,1
476,0,29,25,1,1,155,0,0,0,0,4.0099999999999998,0
477,0,29,25,1,1,155,0,0,0,0,4.0099999999999998,0
478,0,29,25,1,1,155,0,0,0,0,4.0099999999999998,0
479,0,50,12,1,1,149,0,42.899999999999999,21.899999999999999,55.200000000000003,5.3099999999999996,0
480,0,38,13,4,1,255,0,65.900000000000006,78.900000000000006,180.30000000000001,4.6399999999999997,0
481,0,38,13,4,1,255,0,65.900000000000006,78.900000000000006,180.30000000000001,4.6399999999999997,0
482,0,38,13,4,1,255,0,65.900000000000006,78.900000000000006,180.30000000000001,4.6399999999999997,0
483,0,38,13,4,1,255,0,65.900000000000006,78.900000000000006,180.30000000000001,4.6399999999999997,0
484,0,38,13,4,1,255,0,65.900000000000006,78.900000000000006,180.30000000000001,4.6399999999999997,0
485,0,38,13,4,1,255,0,65.900000000000006,78.900000000000006,180.30000000000001,4.6399999999999997,0
486,0,38,13,4,1,255,0,65.900000000000006,78.900000000000006,180.30000000000001,4.6399999999999997,0
487,0,24,6,3,0,115,0,26.100000000000001,18.899999999999999,0,2.8300000000000001,1
488,1,46,25,3,0,158,0,0,0,0,3.8100000000000001,1
489,0,39,15,2,1,119,13,0,0,0,3.4699999999999998,0
490,0,39,22,2,1,174,2,0,0,0,4.1399999999999997,0
197,1,54,57,1,0,262,0,0,930,0,3.04,1
198,1,33,13,4,1,151,22,47.899999999999999,32.399999999999999,74.700000000000003,3.6400000000000001,1
199,1,21,13,2,0,208,6,0,40,0,2.9399999999999999,0
200,1,21,13,2,0,208,6,0,40,0,2.9399999999999999,0
201,1,21,13,2,0,208,6,0,40,0,2.9399999999999999,0
202,1,21,13,2,0,208,6,0,40,0,2.9399999999999999,0
203,1,21,13,2,0,208,6,0,40,0,2.9399999999999999,0
204,1,21,13,2,0,208,6,0,40,0,2.9399999999999999,0
301,1,52,45,2,1,238,0,0,395,0,3.8300000000000001,0
302,1,52,45,2,1,238,0,0,395,0,3.8300000000000001,0
303,1,39,25,2,0,129,12,0,0,0,4.54,0
304,1,39,25,2,0,129,12,0,0,0,4.54,0
305,1,39,25,2,0,129,12,0,0,0,4.54,0
306,1,68,17,4,0,121,0,129.69999999999999,202.30000000000001,193,5.8100000000000005,1
307,0,45,41,1,1,206,23,0,201.30000000000001,333.69999999999999,3.2200000000000002,0
308,0,45,41,1,1,206,23,0,201.30000000000001,333.69999999999999,3.2200000000000002,0
309,1,45,13,3,0,224,0,0,240,0,4.5999999999999996,0
310,1,45,13,3,0,224,0,0,240,0,4.5999999999999996,0
311,1,45,13,3,0,224,0,0,240,0,4.5999999999999996,0
312,1,45,13,3,0,224,0,0,240,0,4.5999999999999996,0
313,1,45,13,3,0,224,0,0,240,0,4.5999999999999996,0
314,1,45,13,3,0,224,0,0,240,0,4.5999999999999996,0
315,1,26,1,1,1,71,0,0,0,0,3.3999999999999999,0
316,1,31,3,4,1,137,15,0,0,0,3.5600000000000001,0
317,1,27,23,1,0,128,5,0,0,0,3.9300000000000002,0
318,1,27,23,1,0,128,5,0,0,0,3.9300000000000002,0
319,1,27,23,1,0,128,5,0,0,0,3.9300000000000002,0
320,1,27,23,1,0,128,5,0,0,0,3.9300000000000002,0
321,1,27,23,1,0,128,5,0,0,0,3.9300000000000002,0
322,1,27,23,1,0,128,5,0,0,0,3.9300000000000002,0
323,0,42,26,4,1,120,25,202.40000000000001,198.30000000000001,224.30000000000001,3.8900000000000001,0
324,0,42,26,4,1,120,25,202.40000000000001,198.30000000000001,224.30000000000001,3.8900000000000001,0
325,0,30,5,2,1,136,13,0,0,0,3.8300000000000001,0
326,1,27,32,4,1,160,24,26.199999999999999,6.0999999999999996,67.599999999999994,4.5099999999999998,0
327,1,27,32,4,1,160,24,26.199999999999999,6.0999999999999996,67.599999999999994,4.5099999999999998,0
328,1,27,32,4,1,160,24,26.199999999999999,6.0999999999999996,67.599999999999994,4.5099999999999998,0
329,1,25,3,1,1,110,12,0,0,0,3.8100000000000001,0
330,1,26,26,4,1,206,20,0,0,0,2.6400000000000001,0
331,1,26,26,4,1,206,20,0,0,0,2.6400000000000001,0
332,1,26,26,4,1,206,20,0,0,0,2.6400000000000001,0
333,1,36,14,1,0,331,6,0,0,0,4.2000000000000002,1
334,1,47,65,1,0,431,0,0,900,0,3.6099999999999999,1
335,1,31,28,3,0,295,0,0,0,0,3.7400000000000002,1
336,0,43,30,1,1,190,8,0,0,0,3.9699999999999998,1
337,0,29,8,1,0,133,5,0,0,0,3.04,0
338,1,47,46,3,0,120,0,0,0,0,4.9699999999999998,0
339,1,47,46,3,0,120,0,0,0,0,4.9699999999999998,0
340,1,47,46,3,0,120,0,0,0,0,4.9699999999999998,0
341,0,60,71,4,0,521,0,1020.7,444.30000000000001,0,6.2300000000000004,1
342,1,66,45,1,0,171,0,0,880,0,4.4699999999999998,1
343,0,31,5,3,0,82,12,20.800000000000001,15.300000000000001,23.899999999999999,3.5300000000000002,0
344,1,38,17,2,0,221,0,0,0,0,2.8900000000000001,1
345,0,55,70,3,0,584,0,990.20000000000005,474.80000000000001,0,4.1699999999999999,1
346,0,24,6,3,0,138,0,37.399999999999999,117.59999999999999,0,3.3300000000000001,0
347,1,76,37,1,0,200,0,0,230,0,4.7599999999999998,1
348,1,35,47,4,1,265,28,0,0,0,4.25,0
549,0,35,23,4,1,178,19,0,148.5,301.5,4.5600000000000005,0
550,0,35,23,4,1,178,19,0,148.5,301.5,4.5600000000000005,0
551,0,35,23,4,1,178,19,0,148.5,301.5,4.5600000000000005,0
552,0,35,23,4,1,178,19,0,148.5,301.5,4.5600000000000005,0
553,0,44,31,2,1,331,11,0,0,0,4.3799999999999999,0
554,0,44,31,2,1,331,11,0,0,0,4.3799999999999999,0
555,0,44,55,3,0,182,0,1004.1,680.89999999999998,0,4.2199999999999998,1
556,1,30,34,3,1,231,0,200.40000000000001,74.599999999999994,0,3.5600000000000001,1
557,0,35,23,1,1,208,11,0,0,0,4.7699999999999996,0
558,0,35,23,1,1,208,11,0,0,0,4.7699999999999996,0
559,0,35,23,1,1,208,11,0,0,0,4.7699999999999996,0
560,0,35,23,1,1,208,11,0,0,0,4.7699999999999996,0
561,0,35,23,1,1,208,11,0,0,0,4.7699999999999996,0
562,0,35,23,1,1,208,11,0,0,0,4.7699999999999996,0
563,0,30,1,1,1,72,4,1.8999999999999999,0.90000000000000002,0,4.9100000000000001,0
564,1,55,66,3,0,330,0,652.20000000000005,312.80000000000001,0,4.3799999999999999,1
565,1,40,13,1,0,219,0,0,0,0,4.96,0
566,1,40,13,1,0,219,0,0,0,0,4.96,0
567,1,40,13,1,0,219,0,0,0,0,4.96,0
568,1,40,13,1,0,219,0,0,0,0,4.96,0
569,1,40,13,1,0,219,0,0,0,0,4.96,0
570,1,40,13,1,0,219,0,0,0,0,4.96,0
571,1,40,13,1,0,219,0,0,0,0,4.96,0
572,1,44,4,3,0,92,7,15.300000000000001,9.6999999999999993,0,3.4699999999999998,0
573,1,24,11,4,1,158,20,35.399999999999999,30.399999999999999,74.200000000000003,3.4300000000000002,0
574,1,24,11,4,1,158,20,35.399999999999999,30.399999999999999,74.200000000000003,3.4300000000000002,0
575,1,24,11,4,1,158,20,35.399999999999999,30.399999999999999,74.200000000000003,3.4300000000000002,0
576,1,24,11,4,1,158,20,35.399999999999999,30.399999999999999,74.200000000000003,3.4300000000000002,0
577,1,24,11,4,1,158,20,35.399999999999999,30.399999999999999,74.200000000000003,3.4300000000000002,0
578,1,26,6,1,0,177,1,0,0,0,3.3999999999999999,0
579,1,29,2,4,1,92,24,1.3,1,2.7000000000000002,3.7800000000000002,0
580,0,40,37,2,1,428,0,0,470,0,3.2599999999999998,1
581,1,40,35,1,0,118,0,0,0,0,3.8900000000000001,1
582,0,47,41,1,0,184,1,0,1240,0,4.5,0
583,0,47,41,1,0,184,1,0,1240,0,4.5,0
584,0,47,41,1,0,184,1,0,1240,0,4.5,0
585,0,24,31,1,0,194,0,0,0,0,2.6400000000000001,1
586,0,63,62,3,0,342,0,0,845,0,5.8300000000000001,0
587,0,63,62,3,0,342,0,0,845,0,5.8300000000000001,0
588,0,22,23,3,0,208,0,204.80000000000001,140.19999999999999,0,3.2999999999999998,1
295,1,49,48,4,0,190,24,354.69999999999999,340.19999999999999,445.10000000000002,3.6600000000000001,0
296,1,49,48,4,0,190,24,354.69999999999999,340.19999999999999,445.10000000000002,3.6600000000000001,0
297,1,49,48,4,0,190,24,354.69999999999999,340.19999999999999,445.10000000000002,3.6600000000000001,0
298,0,25,59,1,0,452,14,0,1415,0,2.8900000000000001,1
299,0,26,8,1,1,113,1,0,0,0,3.2200000000000002,0
300,1,52,45,2,1,238,0,0,395,0,3.8300000000000001,0
397,1,20,11,4,1,145,20,45,26.399999999999999,83.599999999999994,3,0
398,1,20,11,4,1,145,20,45,26.399999999999999,83.599999999999994,3,0
399,1,20,11,4,1,145,20,45,26.399999999999999,83.599999999999994,3,0
400,1,20,11,4,1,145,20,45,26.399999999999999,83.599999999999994,3,0
401,0,30,45,4,1,192,21,292.10000000000002,118.3,364.60000000000002,4.1399999999999997,0
402,0,30,45,4,1,192,21,292.10000000000002,118.3,364.60000000000002,4.1399999999999997,0
403,0,30,45,4,1,192,21,292.10000000000002,118.3,364.60000000000002,4.1399999999999997,0
404,0,31,4,4,1,148,23,9,3.5,12.6,3.6600000000000001,0
405,0,36,42,3,0,190,0,0,0,0,3.7800000000000002,1
406,1,32,60,2,0,529,0,0,615,0,3.5300000000000002,1
407,0,35,29,3,0,363,0,354.19999999999999,500.80000000000001,0,4.0099999999999998,0
408,0,35,29,3,0,363,0,354.19999999999999,500.80000000000001,0,4.0099999999999998,0
409,0,35,29,3,0,363,0,354.19999999999999,500.80000000000001,0,4.0099999999999998,0
410,0,41,22,1,0,305,0,0,0,0,3.3700000000000001,0
411,0,41,22,1,0,305,0,0,0,0,3.3700000000000001,0
412,0,41,22,1,0,305,0,0,0,0,3.3700000000000001,0
413,0,41,22,1,0,305,0,0,0,0,3.3700000000000001,0
414,0,41,22,1,0,305,0,0,0,0,3.3700000000000001,0
415,0,41,22,1,0,305,0,0,0,0,3.3700000000000001,0
416,1,41,50,2,1,297,9,397.89999999999998,292.10000000000002,0,4.9299999999999997,0
417,1,41,50,2,1,297,9,397.89999999999998,292.10000000000002,0,4.9299999999999997,0
418,1,44,5,2,0,143,6,0,0,0,4.4199999999999999,0
419,0,27,26,4,1,167,23,108.40000000000001,56.299999999999997,145.19999999999999,3.5,0
420,0,27,26,4,1,167,23,108.40000000000001,56.299999999999997,145.19999999999999,3.5,0
421,0,27,26,4,1,167,23,108.40000000000001,56.299999999999997,145.19999999999999,3.5,0
422,1,33,10,1,0,192,0,100.5,119.5,0,4.1900000000000004,0
423,1,33,10,1,0,192,0,100.5,119.5,0,4.1900000000000004,0
424,1,33,10,1,0,192,0,100.5,119.5,0,4.1900000000000004,0
425,1,33,10,1,0,192,0,100.5,119.5,0,4.1900000000000004,0
426,1,33,10,1,0,192,0,100.5,119.5,0,4.1900000000000004,0
427,0,30,26,4,0,195,0,369.30000000000001,470.69999999999999,0,2.8900000000000001,0
428,0,30,26,4,0,195,0,369.30000000000001,470.69999999999999,0,2.8900000000000001,0
429,0,30,26,4,0,195,0,369.30000000000001,470.69999999999999,0,2.8900000000000001,0
430,1,46,71,4,1,907,51,0,120.5,899.5,4.7800000000000002,1
431,0,48,11,3,0,155,0,79.400000000000006,57.5,68.099999999999994,5.7800000000000002,0
432,0,48,11,3,0,155,0,79.400000000000006,57.5,68.099999999999994,5.7800000000000002,0
433,0,48,11,3,0,155,0,79.400000000000006,57.5,68.099999999999994,5.7800000000000002,0
434,0,48,11,3,0,155,0,79.400000000000006,57.5,68.099999999999994,5.7800000000000002,0
435,0,48,11,3,0,155,0,79.400000000000006,57.5,68.099999999999994,5.7800000000000002,0
436,1,34,16,1,0,237,0,0,0,0,4.0300000000000002,0
437,1,34,16,1,0,237,0,0,0,0,4.0300000000000002,0
438,1,34,16,1,0,237,0,0,0,0,4.0300000000000002,0
439,1,34,16,1,0,237,0,0,0,0,4.0300000000000002,0
440,1,34,16,1,0,237,0,0,0,0,4.0300000000000002,0
441,1,34,16,1,0,237,0,0,0,0,4.0300000000000002,0
442,1,34,16,1,0,237,0,0,0,0,4.0300000000000002,0
443,1,34,16,1,0,237,0,0,0,0,4.0300000000000002,0
444,1,34,16,1,0,237,0,0,0,0,4.0300000000000002,0
445,1,34,16,1,0,237,0,0,0,0,4.0300000000000002,0
446,0,51,37,2,1,214,0,0,480,0,3.1800000000000002,1
447,0,30,5,3,0,98,9,0,0,0,3.2200000000000002,0
448,1,55,3,2,1,178,12,0,0,0,3.2599999999999998,0
687,0,24,4,1,0,114,0,0,0,0,2.8300000000000001,0
688,1,33,54,3,0,328,0,689,436,0,3.8500000000000001,1
689,1,49,7,3,0,227,0,87.099999999999994,237.90000000000001,0,3.5800000000000001,0
690,1,49,7,3,0,227,0,87.099999999999994,237.90000000000001,0,3.5800000000000001,0
691,1,49,7,3,0,227,0,87.099999999999994,237.90000000000001,0,3.5800000000000001,0
692,0,28,10,4,1,174,23,90.099999999999994,131,118.90000000000001,4.3200000000000003,0
693,0,28,10,4,1,174,23,90.099999999999994,131,118.90000000000001,4.3200000000000003,0
694,0,28,10,4,1,174,23,90.099999999999994,131,118.90000000000001,4.3200000000000003,0
695,0,28,10,4,1,174,23,90.099999999999994,131,118.90000000000001,4.3200000000000003,0
696,0,28,10,4,1,174,23,90.099999999999994,131,118.90000000000001,4.3200000000000003,0
697,0,31,12,1,1,124,5,0,0,0,2.8900000000000001,0
698,1,21,3,1,0,114,0,0,0,0,3.5800000000000001,1
699,0,35,8,4,1,138,17,0,0,0,3.4300000000000002,0
700,1,49,8,4,1,110,40,41.399999999999999,31.899999999999999,81.799999999999997,4.9000000000000004,0
701,0,28,9,2,1,140,10,0,0,0,3.3300000000000001,0
702,0,28,9,2,1,140,10,0,0,0,3.3300000000000001,0
703,0,28,9,2,1,140,10,0,0,0,3.3300000000000001,0
704,0,28,9,2,1,140,10,0,0,0,3.3300000000000001,0
705,0,28,9,2,1,140,10,0,0,0,3.3300000000000001,0
706,1,19,12,2,0,167,3,0,0,0,2.71,1
707,1,61,58,2,0,377,0,0,925,0,4.6200000000000001,1
708,1,25,9,1,0,294,0,0,0,0,3.2999999999999998,0
709,1,25,9,1,0,294,0,0,0,0,3.2999999999999998,0
710,1,25,9,1,0,294,0,0,0,0,3.2999999999999998,0
711,1,25,9,1,0,294,0,0,0,0,3.2999999999999998,0
712,1,25,9,1,0,294,0,0,0,0,3.2999999999999998,0
713,1,25,49,2,1,248,24,0,45.799999999999997,224.19999999999999,3.2999999999999998,1
714,0,54,52,3,0,355,0,366.5,245.30000000000001,443.19999999999999,4.0800000000000001,1
715,1,42,10,4,1,147,25,57.899999999999999,49.5,77.599999999999994,5.6799999999999997,0
716,1,42,10,4,1,147,25,57.899999999999999,49.5,77.599999999999994,5.6799999999999997,0
717,1,42,10,4,1,147,25,57.899999999999999,49.5,77.599999999999994,5.6799999999999997,0
718,1,42,10,4,1,147,25,57.899999999999999,49.5,77.599999999999994,5.6799999999999997,0
719,1,42,10,4,1,147,25,57.899999999999999,49.5,77.599999999999994,5.6799999999999997,0
720,1,36,12,2,1,169,19,0,0,0,5.3200000000000003,0
721,1,59,65,2,1,253,0,0,820,0,6.5999999999999996,1
722,0,40,67,3,0,590,0,750.79999999999995,494.19999999999999,0,4.0800000000000001,1
723,1,67,71,3,0,727,0,638.89999999999998,536.10000000000002,0,4.7000000000000002,1
724,1,44,5,3,0,130,0,19.199999999999999,14.800000000000001,16,4.4199999999999999,0
725,1,58,60,2,1,377,5,546.39999999999998,258.60000000000002,0,4.1399999999999997,1
726,1,40,10,1,0,151,0,0,0,0,3.0899999999999999,0
727,1,40,10,1,0,151,0,0,0,0,3.0899999999999999,0
728,1,40,10,1,0,151,0,0,0,0,3.0899999999999999,0
729,1,40,10,1,0,151,0,0,0,0,3.0899999999999999,0
730,1,40,10,1,0,151,0,0,0,0,3.0899999999999999,0
731,0,64,52,4,0,307,30,384.69999999999999,323.89999999999998,501.39999999999998,3.7599999999999998,1
732,0,47,67,3,0,1037,0,500.10000000000002,189.90000000000001,0,4.2300000000000004,1
733,1,28,30,1,0,298,0,0,0,0,3,0
734,1,28,30,1,0,298,0,0,0,0,3,0
735,1,28,30,1,0,298,0,0,0,0,3,0
736,0,46,24,4,1,291,0,361.69999999999999,247.30000000000001,211,3.7599999999999998,1
737,1,75,72,2,0,1036,0,1008.9,826.10000000000002,0,3.5,1
738,0,35,17,4,1,153,10,0,44.399999999999999,110.59999999999999,4.1900000000000004,0
739,0,35,17,4,1,153,10,0,44.399999999999999,110.59999999999999,4.1900000000000004,0
740,0,35,17,4,1,153,10,0,44.399999999999999,110.59999999999999,4.1900000000000004,0
741,0,35,17,4,1,153,10,0,44.399999999999999,110.59999999999999,4.1900000000000004,0
742,0,35,17,4,1,153,10,0,44.399999999999999,110.59999999999999,4.1900000000000004,0
743,0,35,17,4,1,153,10,0,44.399999999999999,110.59999999999999,4.1900000000000004,0
744,0,35,17,4,1,153,10,0,44.399999999999999,110.59999999999999,4.1900000000000004,0
745,0,35,17,4,1,153,10,0,44.399999999999999,110.59999999999999,4.1900000000000004,0
746,0,35,17,4,1,153,10,0,44.399999999999999,110.59999999999999,4.1900000000000004,0
747,0,35,17,4,1,153,10,0,44.399999999999999,110.59999999999999,4.1900000000000004,0
748,0,72,65,3,0,642,0,0,1160,0,2.48,1
749,1,33,34,2,0,200,0,0,0,0,3.5600000000000001,0
750,1,33,34,2,0,200,0,0,0,0,3.5600000000000001,0
751,1,43,26,2,0,208,3,0,0,0,3.9300000000000002,0
752,1,43,26,2,0,208,3,0,0,0,3.9300000000000002,0
753,1,43,26,2,0,208,3,0,0,0,3.9300000000000002,0
754,0,54,16,3,0,189,0,70.299999999999997,19.699999999999999,0,4.9900000000000002,1
755,1,33,1,1,0,89,0,0,0,0,3.9699999999999998,0
756,0,42,54,4,1,336,43,367.80000000000001,127.59999999999999,554.70000000000005,4.0099999999999998,0
757,0,42,54,4,1,336,43,367.80000000000001,127.59999999999999,554.70000000000005,4.0099999999999998,0
758,1,55,25,1,0,269,0,0,0,0,3.6099999999999999,0
759,1,55,25,1,0,269,0,0,0,0,3.6099999999999999,0
760,1,55,25,1,0,269,0,0,0,0,3.6099999999999999,0
761,1,69,47,4,1,266,19,338.80000000000001,200.40000000000001,485.80000000000001,5.4299999999999997,0
762,1,69,47,4,1,266,19,338.80000000000001,200.40000000000001,485.80000000000001,5.4299999999999997,0
763,1,69,47,4,1,266,19,338.80000000000001,200.40000000000001,485.80000000000001,5.4299999999999997,0
764,0,53,60,3,0,317,0,822.60000000000002,437.39999999999998,0,4.5300000000000002,1
765,1,32,19,4,1,155,43,68.5,54.200000000000003,152.30000000000001,4.2599999999999998,0
766,1,32,19,4,1,155,43,68.5,54.200000000000003,152.30000000000001,4.2599999999999998,0
767,1,32,19,4,1,155,43,68.5,54.200000000000003,152.30000000000001,4.2599999999999998,0
768,1,32,19,4,1,155,43,68.5,54.200000000000003,152.30000000000001,4.2599999999999998,0
769,1,32,19,4,1,155,43,68.5,54.200000000000003,152.30000000000001,4.2599999999999998,0
770,1,32,19,4,1,155,43,68.5,54.200000000000003,152.30000000000001,4.2599999999999998,0
771,1,32,19,4,1,155,43,68.5,54.200000000000003,152.30000000000001,4.2599999999999998,0
772,1,32,19,4,1,155,43,68.5,54.200000000000003,152.30000000000001,4.2599999999999998,0
773,1,37,9,1,0,98,6,0,0,0,2.6400000000000001,0
774,1,37,9,1,0,98,6,0,0,0,2.6400000000000001,0
775,1,37,9,1,0,98,6,0,0,0,2.6400000000000001,0
776,1,37,9,1,0,98,6,0,0,0,2.6400000000000001,0
777,1,37,9,1,0,98,6,0,0,0,2.6400000000000001,0
778,1,34,1,1,0,82,0,0,0,0,2.8900000000000001,0
779,1,28,10,4,1,176,8,0,0,0,3.5800000000000001,1
780,0,34,45,2,1,181,13,0,0,0,3.7599999999999998,0
781,0,34,45,2,1,181,13,0,0,0,3.7599999999999998,0
782,0,34,45,2,1,181,13,0,0,0,3.7599999999999998,0
783,1,28,25,3,1,166,15,152.59999999999999,337.39999999999998,284.89999999999998,3.71,0
784,1,28,25,3,1,166,15,152.59999999999999,337.39999999999998,284.89999999999998,3.71,0
785,1,39,66,2,0,282,0,0,785,0,4.1900000000000004,1
786,1,67,27,3,0,122,13,190.90000000000001,129.09999999999999,0,3.5,0
787,1,67,27,3,0,122,13,190.90000000000001,129.09999999999999,0,3.5,0
788,1,25,3,4,1,116,15,0,5,0,4.1699999999999999,0
789,0,38,15,1,0,127,0,0,0,0,3.8300000000000001,0
790,0,57,60,4,1,457,31,313.69999999999999,221.69999999999999,604.60000000000002,4.2800000000000002,1
791,1,65,72,3,0,1123,0,1162.4000000000001,3422.5999999999999,0,4.2599999999999998,1
792,1,50,48,4,1,308,24,170.59999999999999,90,309.39999999999998,5.3399999999999999,0
793,1,50,48,4,1,308,24,170.59999999999999,90,309.39999999999998,5.3399999999999999,0
794,1,50,48,4,1,308,24,170.59999999999999,90,309.39999999999998,5.3399999999999999,0
795,1,57,68,4,1,372,0,546.5,209.09999999999999,564.39999999999998,2.71,0
796,1,57,68,4,1,372,0,546.5,209.09999999999999,564.39999999999998,2.71,0
797,1,57,68,4,1,372,0,546.5,209.09999999999999,564.39999999999998,2.71,0
798,0,51,20,3,1,231,0,146.80000000000001,68.200000000000003,0,3.2999999999999998,1
799,0,52,61,3,0,414,11,414.89999999999998,155.09999999999999,0,2.9399999999999999,0
800,0,52,61,3,0,414,11,414.89999999999998,155.09999999999999,0,2.9399999999999999,0
801,0,52,61,3,0,414,11,414.89999999999998,155.09999999999999,0,2.9399999999999999,0
802,1,35,19,4,0,123,21,140.59999999999999,80.799999999999997,163.59999999999999,4.0599999999999996,0
803,1,35,19,4,0,123,21,140.59999999999999,80.799999999999997,163.59999999999999,4.0599999999999996,0
804,1,35,19,4,0,123,21,140.59999999999999,80.799999999999997,163.59999999999999,4.0599999999999996,0
805,1,35,19,4,0,123,21,140.59999999999999,80.799999999999997,163.59999999999999,4.0599999999999996,0
806,1,35,19,4,0,123,21,140.59999999999999,80.799999999999997,163.59999999999999,4.0599999999999996,0
807,1,35,19,4,0,123,21,140.59999999999999,80.799999999999997,163.59999999999999,4.0599999999999996,0
808,1,35,19,4,0,123,21,140.59999999999999,80.799999999999997,163.59999999999999,4.0599999999999996,0
809,1,35,19,4,0,123,21,140.59999999999999,80.799999999999997,163.59999999999999,4.0599999999999996,0
810,1,61,24,1,1,214,0,0,265,0,4.7199999999999998,0
811,1,40,14,4,1,178,24,59.399999999999999,78.299999999999997,157.30000000000001,5.9900000000000002,0
812,1,40,14,4,1,178,24,59.399999999999999,78.299999999999997,157.30000000000001,5.9900000000000002,0
813,1,40,14,4,1,178,24,59.399999999999999,78.299999999999997,157.30000000000001,5.9900000000000002,0
814,1,40,14,4,1,178,24,59.399999999999999,78.299999999999997,157.30000000000001,5.9900000000000002,0
815,1,40,14,4,1,178,24,59.399999999999999,78.299999999999997,157.30000000000001,5.9900000000000002,0
816,1,40,14,4,1,178,24,59.399999999999999,78.299999999999997,157.30000000000001,5.9900000000000002,0
817,1,74,30,3,0,195,0,372.60000000000002,212.40000000000001,0,2.2999999999999998,1
818,0,42,40,2,1,149,11,0,0,0,4.6799999999999997,0
819,0,42,40,2,1,149,11,0,0,0,4.6799999999999997,0
820,1,34,20,2,0,163,0,0,0,0,3.9300000000000002,0
821,1,34,20,2,0,163,0,0,0,0,3.9300000000000002,0
822,1,34,20,2,0,163,0,0,0,0,3.9300000000000002,0
823,1,34,20,2,0,163,0,0,0,0,3.9300000000000002,0
824,1,34,20,2,0,163,0,0,0,0,3.9300000000000002,0
825,1,34,20,2,0,163,0,0,0,0,3.9300000000000002,0
826,1,34,20,2,0,163,0,0,0,0,3.9300000000000002,0
827,1,34,20,2,0,163,0,0,0,0,3.9300000000000002,0
828,1,36,5,3,0,120,0,0,0,0,3.5300000000000002,0
829,0,50,70,2,0,1088,0,0,1075,0,4.2000000000000002,1
830,0,57,30,1,0,195,0,0,285,0,2.9399999999999999,0
831,0,57,30,1,0,195,0,0,285,0,2.9399999999999999,0
832,0,57,30,1,0,195,0,0,285,0,2.9399999999999999,0
833,1,48,28,4,1,250,35,143.69999999999999,183.5,382.89999999999998,4.8499999999999996,0
834,1,48,28,4,1,250,35,143.69999999999999,183.5,382.89999999999998,4.8499999999999996,0
835,1,48,28,4,1,250,35,143.69999999999999,183.5,382.89999999999998,4.8499999999999996,0
836,1,39,17,1,1,223,10,0,0,0,3.8100000000000001,0
837,1,39,17,1,1,223,10,0,0,0,3.8100000000000001,0
838,1,39,17,1,1,223,10,0,0,0,3.8100000000000001,0
839,1,39,17,1,1,223,10,0,0,0,3.8100000000000001,0
840,1,39,17,1,1,223,10,0,0,0,3.8100000000000001,0
841,1,39,17,1,1,223,10,0,0,0,3.8100000000000001,0
842,1,39,17,1,1,223,10,0,0,0,3.8100000000000001,0
843,1,39,17,1,1,223,10,0,0,0,3.8100000000000001,0
844,1,39,17,1,1,223,10,0,0,0,3.8100000000000001,0
845,1,39,17,1,1,223,10,0,0,0,3.8100000000000001,0
846,1,48,24,1,0,161,0,0,265,0,3.6400000000000001,1
847,1,54,24,1,1,279,10,0,220,0,4.4299999999999997,0
848,0,32,59,2,1,634,0,411.19999999999999,243.80000000000001,0,4.29,0
849,0,32,59,2,1,634,0,411.19999999999999,243.80000000000001,0,4.29,0
850,0,32,59,2,1,634,0,411.19999999999999,243.80000000000001,0,4.29,0
851,0,31,19,2,0,147,0,0,0,0,3.0899999999999999,0
852,0,31,19,2,0,147,0,0,0,0,3.0899999999999999,0
853,0,31,19,2,0,147,0,0,0,0,3.0899999999999999,0
854,0,31,19,2,0,147,0,0,0,0,3.0899999999999999,0
855,0,31,19,2,0,147,0,0,0,0,3.0899999999999999,0
856,0,31,19,2,0,147,0,0,0,0,3.0899999999999999,0
857,0,31,19,2,0,147,0,0,0,0,3.0899999999999999,0
858,0,31,19,2,0,147,0,0,0,0,3.0899999999999999,0
859,1,46,58,1,0,272,7,0,625,0,3.1400000000000001,1
860,0,53,41,2,0,303,0,0,500,0,4.54,1
861,0,33,16,3,0,235,22,69.799999999999997,59,136.19999999999999,3.3999999999999999,0
862,0,33,16,3,0,235,22,69.799999999999997,59,136.19999999999999,3.3999999999999999,0
863,0,33,16,3,0,235,22,69.799999999999997,59,136.19999999999999,3.3999999999999999,0
864,0,33,16,3,0,235,22,69.799999999999997,59,136.19999999999999,3.3999999999999999,0
865,0,33,16,3,0,235,22,69.799999999999997,59,136.19999999999999,3.3999999999999999,0
866,0,33,16,3,0,235,22,69.799999999999997,59,136.19999999999999,3.3999999999999999,0
867,0,33,16,3,0,235,22,69.799999999999997,59,136.19999999999999,3.3999999999999999,0
868,0,33,16,3,0,235,22,69.799999999999997,59,136.19999999999999,3.3999999999999999,0
869,0,33,16,3,0,235,22,69.799999999999997,59,136.19999999999999,3.3999999999999999,0
870,0,33,16,3,0,235,22,69.799999999999997,59,136.19999999999999,3.3999999999999999,0
871,0,36,13,1,0,96,0,0,0,0,3.4300000000000002,0
872,0,36,13,1,0,96,0,0,0,0,3.4300000000000002,0
873,0,36,13,1,0,96,0,0,0,0,3.4300000000000002,0
874,0,36,13,1,0,96,0,0,0,0,3.4300000000000002,0
875,0,36,13,1,0,96,0,0,0,0,3.4300000000000002,0
876,0,36,13,1,0,96,0,0,0,0,3.4300000000000002,0
877,0,36,13,1,0,96,0,0,0,0,3.4300000000000002,0
878,1,53,60,3,0,248,0,682.89999999999998,387.10000000000002,0,5.1399999999999997,1
879,1,39,33,4,1,244,23,60.399999999999999,23.600000000000001,171,3.2999999999999998,1
880,1,45,72,4,0,655,0,0,212.59999999999999,687.39999999999998,4.5800000000000001,1
881,1,54,66,4,0,550,26,333.39999999999998,155.69999999999999,515.89999999999998,6.3799999999999999,1
882,1,40,40,3,0,250,0,0,188.80000000000001,366.19999999999999,4.29,0
883,1,40,40,3,0,250,0,0,188.80000000000001,366.19999999999999,4.29,0
884,1,40,40,3,0,250,0,0,188.80000000000001,366.19999999999999,4.29,0
885,1,26,29,4,1,172,28,0,287.89999999999998,422.10000000000002,3.0899999999999999,0
886,1,26,29,4,1,172,28,0,287.89999999999998,422.10000000000002,3.0899999999999999,0
887,1,26,29,4,1,172,28,0,287.89999999999998,422.10000000000002,3.0899999999999999,0
888,1,54,56,2,1,304,20,386.89999999999998,383,540.10000000000002,4.9900000000000002,1
889,0,39,39,2,0,169,0,0,835,0,3.3700000000000001,1
890,0,39,65,3,0,472,0,0,585,0,3.4699999999999998,1
891,1,36,28,3,0,242,0,242.59999999999999,192.40000000000001,0,4.04,1
892,0,18,2,3,0,125,0,4.5999999999999996,4.7999999999999998,5.5999999999999996,3,0
893,1,52,67,3,0,767,15,920,515,0,5.5099999999999998,1
894,1,28,17,3,0,160,0,0,0,0,3.6099999999999999,0
895,1,28,17,3,0,160,0,0,0,0,3.6099999999999999,0
896,1,28,17,3,0,160,0,0,0,0,3.6099999999999999,0
897,1,28,17,3,0,160,0,0,0,0,3.6099999999999999,0
898,1,28,17,3,0,160,0,0,0,0,3.6099999999999999,0
899,1,28,17,3,0,160,0,0,0,0,3.6099999999999999,0
900,1,28,17,3,0,160,0,0,0,0,3.6099999999999999,0
901,1,28,17,3,0,160,0,0,0,0,3.6099999999999999,0
902,1,28,17,3,0,160,0,0,0,0,3.6099999999999999,0
903,1,28,17,3,0,160,0,0,0,0,3.6099999999999999,0
904,0,31,44,1,0,338,0,0,490,0,2.77,0
905,0,31,44,1,0,338,0,0,490,0,2.77,0
906,0,31,44,1,0,338,0,0,490,0,2.77,0
907,1,49,59,4,1,254,24,256.69999999999999,169.40000000000001,458.89999999999998,6.0599999999999996,0
908,1,49,59,4,1,254,24,256.69999999999999,169.40000000000001,458.89999999999998,6.0599999999999996,0
909,1,49,59,4,1,254,24,256.69999999999999,169.40000000000001,458.89999999999998,6.0599999999999996,0
910,1,19,17,2,1,192,6,0,0,0,2.8900000000000001,0
911,1,19,17,2,1,192,6,0,0,0,2.8900000000000001,0
912,1,19,17,2,1,192,6,0,0,0,2.8900000000000001,0
913,1,19,17,2,1,192,6,0,0,0,2.8900000000000001,0
914,1,19,17,2,1,192,6,0,0,0,2.8900000000000001,0
915,1,19,17,2,1,192,6,0,0,0,2.8900000000000001,0
916,1,19,17,2,1,192,6,0,0,0,2.8900000000000001,0
917,1,19,17,2,1,192,6,0,0,0,2.8900000000000001,0
918,1,19,17,2,1,192,6,0,0,0,2.8900000000000001,0
919,1,19,17,2,1,192,6,0,0,0,2.8900000000000001,0
920,1,57,68,2,0,320,0,0,1240,0,3.5,1
921,1,24,30,1,0,185,0,0,0,0,3.3999999999999999,0
922,1,24,30,1,0,185,0,0,0,0,3.3999999999999999,0
923,1,24,30,1,0,185,0,0,0,0,3.3999999999999999,0
924,1,20,10,1,0,168,0,0,0,0,3,0
925,1,20,10,1,0,168,0,0,0,0,3,0
926,1,20,10,1,0,168,0,0,0,0,3,0
927,1,20,10,1,0,168,0,0,0,0,3,0
928,1,20,10,1,0,168,0,0,0,0,3,0
929,1,59,72,2,0,743,17,0,2910,0,4.1699999999999999,1
930,1,24,34,3,0,355,0,0,150,0,2.8300000000000001,1
931,0,27,6,1,0,162,0,0,0,0,3.2599999999999998,0
932,0,73,61,1,0,383,0,0,4350,0,3.2200000000000002,1
933,0,22,1,1,1,83,0,0,0,0,3.5600000000000001,0
934,1,43,21,4,1,173,26,63.200000000000003,32.600000000000001,99.200000000000003,3.71,0
935,1,56,65,4,0,341,0,571.70000000000005,166.59999999999999,561.79999999999995,6.4100000000000001,1
936,0,30,4,3,0,90,0,0,0,0,3.71,0
937,0,35,22,2,0,182,0,0,0,0,3.3300000000000001,0
938,0,35,22,2,0,182,0,0,0,0,3.3300000000000001,0
939,0,35,22,2,0,182,0,0,0,0,3.3300000000000001,0
940,0,35,22,2,0,182,0,0,0,0,3.3300000000000001,0
941,0,35,22,2,0,182,0,0,0,0,3.3300000000000001,0
942,0,35,22,2,0,182,0,0,0,0,3.3300000000000001,0
943,1,37,51,3,0,349,0,0,480,0,4.6200000000000001,1
944,1,28,50,3,0,178,18,199,147.09999999999999,253.80000000000001,3.3300000000000001,1
945,1,28,4,3,0,192,0,13.5,11.5,0,3.6600000000000001,0
946,1,31,7,1,1,151,0,0,0,0,3.4300000000000002,0
947,1,31,7,1,1,151,0,0,0,0,3.4300000000000002,0
948,1,31,7,1,1,151,0,0,0,0,3.4300000000000002,0
949,1,23,19,3,0,218,6,0,0,0,3.6099999999999999,0
950,1,23,19,3,0,218,6,0,0,0,3.6099999999999999,0
951,1,23,19,3,0,218,6,0,0,0,3.6099999999999999,0
952,1,23,19,3,0,218,6,0,0,0,3.6099999999999999,0
953,1,23,19,3,0,218,6,0,0,0,3.6099999999999999,0
954,1,23,19,3,0,218,6,0,0,0,3.6099999999999999,0
955,1,23,19,3,0,218,6,0,0,0,3.6099999999999999,0
956,1,23,19,3,0,218,6,0,0,0,3.6099999999999999,0
957,1,37,58,4,1,266,44,656.70000000000005,422,1226.3,4.1600000000000001,0
958,1,37,58,4,1,266,44,656.70000000000005,422,1226.3,4.1600000000000001,0
959,1,37,58,4,1,266,44,656.70000000000005,422,1226.3,4.1600000000000001,0
960,1,64,65,4,1,352,21,538.5,356.5,725,4.4800000000000004,0
961,1,64,65,4,1,352,21,538.5,356.5,725,4.4800000000000004,0
962,1,64,65,4,1,352,21,538.5,356.5,725,4.4800000000000004,0
963,0,38,7,4,1,127,19,17.5,6.4000000000000004,16.100000000000001,4.25,0
964,0,38,7,4,1,127,19,17.5,6.4000000000000004,16.100000000000001,4.25,0
965,1,48,20,3,0,264,0,176.19999999999999,146.80000000000001,157,3.8100000000000001,0
966,1,48,20,3,0,264,0,176.19999999999999,146.80000000000001,157,3.8100000000000001,0
967,1,48,20,3,0,264,0,176.19999999999999,146.80000000000001,157,3.8100000000000001,0
968,1,48,20,3,0,264,0,176.19999999999999,146.80000000000001,157,3.8100000000000001,0
969,1,48,20,3,0,264,0,176.19999999999999,146.80000000000001,157,3.8100000000000001,0
970,1,48,20,3,0,264,0,176.19999999999999,146.80000000000001,157,3.8100000000000001,0
971,1,48,20,3,0,264,0,176.19999999999999,146.80000000000001,157,3.8100000000000001,0
972,1,48,20,3,0,264,0,176.19999999999999,146.80000000000001,157,3.8100000000000001,0
973,0,32,54,2,0,729,0,0,1300,0,3.2999999999999998,1
974,0,48,36,1,0,170,0,0,0,0,3.3700000000000001,1
975,1,53,71,3,0,749,0,1136.7,1423.3,0,3.8700000000000001,1
976,0,45,18,3,0,139,0,135.40000000000001,109.59999999999999,0,3.7599999999999998,1
977,1,27,16,4,1,159,26,64,48.700000000000003,122.3,2.77,0
978,1,27,16,4,1,159,26,64,48.700000000000003,122.3,2.77,0
979,1,27,16,4,1,159,26,64,48.700000000000003,122.3,2.77,0
980,1,27,16,4,1,159,26,64,48.700000000000003,122.3,2.77,0
981,1,27,16,4,1,159,26,64,48.700000000000003,122.3,2.77,0
982,1,27,16,4,1,159,26,64,48.700000000000003,122.3,2.77,0
983,1,27,16,4,1,159,26,64,48.700000000000003,122.3,2.77,0
984,1,27,16,4,1,159,26,64,48.700000000000003,122.3,2.77,0
985,1,27,16,4,1,159,26,64,48.700000000000003,122.3,2.77,0
986,1,27,16,4,1,159,26,64,48.700000000000003,122.3,2.77,0
987,1,45,52,4,1,219,15,0,210.30000000000001,494.69999999999999,3.6899999999999999,1
988,1,54,50,3,0,271,0,89.700000000000003,28.600000000000001,151.59999999999999,5.5099999999999998,1
989,1,52,30,2,0,256,19,0,420,0,2.8300000000000001,0
990,1,52,30,2,0,256,19,0,420,0,2.8300000000000001,0
991,1,47,22,4,1,230,32,191.30000000000001,515.5,513.20000000000005,3.7800000000000002,0
992,1,47,22,4,1,230,32,191.30000000000001,515.5,513.20000000000005,3.7800000000000002,0
993,1,47,22,4,1,230,32,191.30000000000001,515.5,513.20000000000005,3.7800000000000002,0
994,1,47,22,4,1,230,32,191.30000000000001,515.5,513.20000000000005,3.7800000000000002,0
995,1,47,22,4,1,230,32,191.30000000000001,515.5,513.20000000000005,3.7800000000000002,0
996,1,47,22,4,1,230,32,191.30000000000001,515.5,513.20000000000005,3.7800000000000002,0
997,1,26,59,2,0,303,16,0,1669.2,1040.8,3.71,0
998,1,26,59,2,0,303,16,0,1669.2,1040.8,3.71,0
999,1,26,59,2,0,303,16,0,1669.2,1040.8,3.71,0
1000,1,40,9,4,1,117,23,26.800000000000001,22.300000000000001,75.900000000000006,3.6400000000000001,0
1001,1,40,9,4,1,117,23,26.800000000000001,22.300000000000001,75.900000000000006,3.6400000000000001,0
1002,1,40,9,4,1,117,23,26.800000000000001,22.300000000000001,75.900000000000006,3.6400000000000001,0
1003,1,40,9,4,1,117,23,26.800000000000001,22.300000000000001,75.900000000000006,3.6400000000000001,0
1004,1,40,9,4,1,117,23,26.800000000000001,22.300000000000001,75.900000000000006,3.6400000000000001,0
1005,1,55,12,2,0,169,8,0,0,0,3.5800000000000001,0
1006,0,32,3,4,1,105,11,4.4000000000000004,2.6000000000000001,8,4.0599999999999996,0
1007,1,46,20,4,1,145,0,0,0,0,3.1400000000000001,1
1008,0,52,5,4,0,112,16,23.100000000000001,35.600000000000001,56.299999999999997,4.5700000000000003,0
1009,1,53,58,4,1,196,32,322.60000000000002,240.59999999999999,686.79999999999995,5.3300000000000001,0
1010,1,53,58,4,1,196,32,322.60000000000002,240.59999999999999,686.79999999999995,5.3300000000000001,0
1011,1,30,38,1,0,129,0,0,430,0,3.2200000000000002,1
1012,1,29,43,3,0,491,0,126.3,50.5,168.09999999999999,3.5,1
1013,0,50,17,4,1,189,19,0,0,0,5.3200000000000003,0
1014,0,50,17,4,1,189,19,0,0,0,5.3200000000000003,0
1015,0,50,17,4,1,189,19,0,0,0,5.3200000000000003,0
1016,0,50,17,4,1,189,19,0,0,0,5.3200000000000003,0
1017,0,50,17,4,1,189,19,0,0,0,5.3200000000000003,0
1018,0,50,17,4,1,189,19,0,0,0,5.3200000000000003,0
1019,0,50,17,4,1,189,19,0,0,0,5.3200000000000003,0
1020,0,50,17,4,1,189,19,0,0,0,5.3200000000000003,0
1021,0,50,17,4,1,189,19,0,0,0,5.3200000000000003,0
1022,0,50,17,4,1,189,19,0,0,0,5.3200000000000003,0
1023,1,33,37,2,1,234,11,0,0,0,3.71,0
1024,1,33,37,2,1,234,11,0,0,0,3.71,0
1025,1,33,37,2,1,234,11,0,0,0,3.71,0
1026,1,53,56,2,1,333,15,0,560,0,4.6100000000000003,1
1027,1,31,1,1,1,79,6,0,0,0,3.3700000000000001,0
1028,0,26,15,4,1,198,16,0,0,0,3.6400000000000001,0
1029,1,55,72,2,1,1296,17,0,4915,0,4.4100000000000001,1
1030,0,47,69,3,0,554,0,0,2470,0,5.0700000000000003,0
1031,0,47,69,3,0,554,0,0,2470,0,5.0700000000000003,0
1032,0,47,69,3,0,554,0,0,2470,0,5.0700000000000003,0
1033,0,44,32,3,0,203,0,358.30000000000001,236.69999999999999,0,5.2999999999999998,1
1034,1,25,19,3,0,241,0,230,390,0,3.2999999999999998,0
1035,1,25,19,3,0,241,0,230,390,0,3.2999999999999998,0
1036,1,25,19,3,0,241,0,230,390,0,3.2999999999999998,0
1037,1,25,19,3,0,241,0,230,390,0,3.2999999999999998,0
1038,1,25,19,3,0,241,0,230,390,0,3.2999999999999998,0
1039,1,25,19,3,0,241,0,230,390,0,3.2999999999999998,0
1040,1,25,19,3,0,241,0,230,390,0,3.2999999999999998,0
1041,1,25,19,3,0,241,0,230,390,0,3.2999999999999998,0
1042,1,22,32,3,0,146,0,357.39999999999998,242.59999999999999,0,2.8300000000000001,0
1043,1,22,32,3,0,146,0,357.39999999999998,242.59999999999999,0,2.8300000000000001,0
1044,1,22,32,3,0,146,0,357.39999999999998,242.59999999999999,0,2.8300000000000001,0
1045,0,55,26,3,0,135,0,212.19999999999999,87.799999999999997,0,4.1100000000000003,1
1046,0,39,4,4,0,106,0,13.6,8.1999999999999993,18.100000000000001,3.6400000000000001,0
1047,0,24,4,1,0,125,0,0,35,0,3.2200000000000002,0
1048,0,48,16,3,0,207,0,106.40000000000001,73.599999999999994,0,4.0800000000000001,0
1049,0,48,16,3,0,207,0,106.40000000000001,73.599999999999994,0,4.0800000000000001,0
1050,0,48,16,3,0,207,0,106.40000000000001,73.599999999999994,0,4.0800000000000001,0
1051,0,48,16,3,0,207,0,106.40000000000001,73.599999999999994,0,4.0800000000000001,0
1052,0,48,16,3,0,207,0,106.40000000000001,73.599999999999994,0,4.0800000000000001,0
1053,0,48,16,3,0,207,0,106.40000000000001,73.599999999999994,0,4.0800000000000001,0
1054,0,48,16,3,0,207,0,106.40000000000001,73.599999999999994,0,4.0800000000000001,0
1055,0,48,16,3,0,207,0,106.40000000000001,73.599999999999994,0,4.0800000000000001,0
1056,0,48,16,3,0,207,0,106.40000000000001,73.599999999999994,0,4.0800000000000001,0
1057,0,48,16,3,0,207,0,106.40000000000001,73.599999999999994,0,4.0800000000000001,0
1058,1,37,53,2,1,249,10,0,1170,0,3.2200000000000002,0
1059,1,37,53,2,1,249,10,0,1170,0,3.2200000000000002,0
1060,1,36,58,4,1,378,0,797.70000000000005,1157.5,1189.8,3.6600000000000001,0
1061,1,36,58,4,1,378,0,797.70000000000005,1157.5,1189.8,3.6600000000000001,0
1062,1,36,58,4,1,378,0,797.70000000000005,1157.5,1189.8,3.6600000000000001,0
1063,0,61,71,3,0,528,0,666.5,363.5,0,5.04,1
1064,1,33,22,4,1,136,33,0,0,0,4.7800000000000002,0
1065,1,33,22,4,1,136,33,0,0,0,4.7800000000000002,0
1066,1,33,22,4,1,136,33,0,0,0,4.7800000000000002,0
1067,1,33,22,4,1,136,33,0,0,0,4.7800000000000002,0
1068,1,33,22,4,1,136,33,0,0,0,4.7800000000000002,0
1069,1,33,22,4,1,136,33,0,0,0,4.7800000000000002,0
1070,0,48,46,3,1,254,21,220.80000000000001,95.799999999999997,193.30000000000001,4.1600000000000001,1
1071,1,58,69,4,0,703,35,600.70000000000005,532.39999999999998,921.89999999999998,3.2599999999999998,1
1072,0,41,7,4,1,127,19,23.199999999999999,7.5,34.299999999999997,4.54,1
1073,0,34,5,1,1,122,10,0,0,0,3.0899999999999999,0
1074,1,39,22,4,1,158,0,105.3,48.200000000000003,136.40000000000001,4.0099999999999998,0
1075,1,39,22,4,1,158,0,105.3,48.200000000000003,136.40000000000001,4.0099999999999998,0
1076,1,39,22,4,1,158,0,105.3,48.200000000000003,136.40000000000001,4.0099999999999998,0
1077,1,39,22,4,1,158,0,105.3,48.200000000000003,136.40000000000001,4.0099999999999998,0
1078,1,39,22,4,1,158,0,105.3,48.200000000000003,136.40000000000001,4.0099999999999998,0
1079,1,39,22,4,1,158,0,105.3,48.200000000000003,136.40000000000001,4.0099999999999998,0
1080,0,27,19,4,1,145,27,0,162.80000000000001,282.19999999999999,4.0300000000000002,0
1081,0,27,19,4,1,145,27,0,162.80000000000001,282.19999999999999,4.0300000000000002,0
1082,0,27,19,4,1,145,27,0,162.80000000000001,282.19999999999999,4.0300000000000002,0
1083,0,27,19,4,1,145,27,0,162.80000000000001,282.19999999999999,4.0300000000000002,0
1084,0,27,19,4,1,145,27,0,162.80000000000001,282.19999999999999,4.0300000000000002,0
1085,0,27,19,4,1,145,27,0,162.80000000000001,282.19999999999999,4.0300000000000002,0
1086,0,27,19,4,1,145,27,0,162.80000000000001,282.19999999999999,4.0300000000000002,0
1087,0,27,19,4,1,145,27,0,162.80000000000001,282.19999999999999,4.0300000000000002,0
1088,1,36,9,3,0,166,15,75.599999999999994,83.799999999999997,70.599999999999994,4.3700000000000001,0
1089,1,36,9,3,0,166,15,75.599999999999994,83.799999999999997,70.599999999999994,4.3700000000000001,0
1090,1,36,9,3,0,166,15,75.599999999999994,83.799999999999997,70.599999999999994,4.3700000000000001,0
1091,1,36,9,3,0,166,15,75.599999999999994,83.799999999999997,70.599999999999994,4.3700000000000001,0
1092,1,36,9,3,0,166,15,75.599999999999994,83.799999999999997,70.599999999999994,4.3700000000000001,0
1093,1,53,9,1,1,112,2,0,0,0,3.9100000000000001,0
1094,1,53,9,1,1,112,2,0,0,0,3.9100000000000001,0
1095,1,53,9,1,1,112,2,0,0,0,3.9100000000000001,0
1096,1,53,9,1,1,112,2,0,0,0,3.9100000000000001,0
1097,1,53,9,1,1,112,2,0,0,0,3.9100000000000001,0
1098,0,53,72,3,0,701,0,413.5,171.80000000000001,474.69999999999999,4.6799999999999997,1
1099,0,27,24,2,0,154,0,0,0,0,2.8300000000000001,0
1100,0,20,1,1,1,134,15,0,0,0,2.8900000000000001,0
1101,0,30,24,4,1,224,0,257.80000000000001,176.80000000000001,345.5,3.2200000000000002,0
1102,1,26,3,4,0,101,11,4.4000000000000004,2,3.6000000000000001,4.0800000000000001,0
1103,0,30,4,4,1,123,15,0,80,0,3.8100000000000001,0
1104,1,56,44,3,0,200,0,0,0,0,4.1399999999999997,0
1105,1,56,44,3,0,200,0,0,0,0,4.1399999999999997,0
1106,1,54,26,4,1,154,0,165.69999999999999,167.5,276.80000000000001,3.2599999999999998,0
1107,1,54,26,4,1,154,0,165.69999999999999,167.5,276.80000000000001,3.2599999999999998,0
1108,1,54,26,4,1,154,0,165.69999999999999,167.5,276.80000000000001,3.2599999999999998,0
1109,0,46,15,4,1,124,24,0,0,0,4.1399999999999997,0
1110,1,39,10,1,1,110,10,0,0,0,3.2999999999999998,1
1111,1,49,70,3,0,562,0,972.20000000000005,732.79999999999995,0,4.4699999999999998,1
1112,1,36,50,2,1,313,15,0,745,0,3.6600000000000001,0
1113,1,36,50,2,1,313,15,0,745,0,3.6600000000000001,0
1114,1,36,50,2,1,313,15,0,745,0,3.6600000000000001,0
491,0,39,22,2,1,174,2,0,0,0,4.1399999999999997,0
492,0,39,22,2,1,174,2,0,0,0,4.1399999999999997,0
589,0,33,5,4,1,92,8,0,0,0,3.6600000000000001,0
590,0,19,11,1,1,122,0,0,0,0,3.04,0
591,0,19,11,1,1,122,0,0,0,0,3.04,0
592,0,19,11,1,1,122,0,0,0,0,3.04,0
593,0,19,11,1,1,122,0,0,0,0,3.04,0
594,0,19,11,1,1,122,0,0,0,0,3.04,0
595,0,32,4,1,1,190,7,0,0,0,3.9699999999999998,0
596,0,42,17,2,0,151,10,0,0,0,4.0599999999999996,0
597,0,42,17,2,0,151,10,0,0,0,4.0599999999999996,0
598,0,42,17,2,0,151,10,0,0,0,4.0599999999999996,0
599,0,42,17,2,0,151,10,0,0,0,4.0599999999999996,0
600,0,42,17,2,0,151,10,0,0,0,4.0599999999999996,0
601,0,42,17,2,0,151,10,0,0,0,4.0599999999999996,0
602,0,42,17,2,0,151,10,0,0,0,4.0599999999999996,0
603,0,42,17,2,0,151,10,0,0,0,4.0599999999999996,0
604,0,42,17,2,0,151,10,0,0,0,4.0599999999999996,0
605,0,42,17,2,0,151,10,0,0,0,4.0599999999999996,0
606,0,27,7,1,0,121,0,0,0,0,3.6600000000000001,0
607,0,27,7,1,0,121,0,0,0,0,3.6600000000000001,0
608,0,27,7,1,0,121,0,0,0,0,3.6600000000000001,0
609,0,34,32,2,1,197,0,0,600,0,3.6400000000000001,1
610,1,34,35,1,0,328,0,0,135,0,4.3600000000000003,1
611,0,31,3,4,1,106,17,15.199999999999999,34.799999999999997,20,3.1400000000000001,0
612,0,48,22,1,0,140,13,0,0,0,4.4800000000000004,0
613,0,48,22,1,0,140,13,0,0,0,4.4800000000000004,0
614,0,48,22,1,0,140,13,0,0,0,4.4800000000000004,0
615,0,48,22,1,0,140,13,0,0,0,4.4800000000000004,0
616,0,48,22,1,0,140,13,0,0,0,4.4800000000000004,0
617,0,48,22,1,0,140,13,0,0,0,4.4800000000000004,0
618,1,21,17,3,1,172,0,0,0,0,3.2200000000000002,1
619,1,41,27,3,0,324,0,116.59999999999999,48.399999999999999,0,4.1299999999999999,1
620,1,32,11,1,1,174,9,0,95,0,3.1400000000000001,1
621,1,47,5,1,0,109,0,0,35,0,3.8300000000000001,0
622,1,30,59,2,0,384,13,0,680,0,3.5300000000000002,1
623,0,47,55,3,0,345,0,372.30000000000001,197.69999999999999,0,3.6099999999999999,1
624,0,56,18,1,0,118,0,0,160,0,5.6899999999999995,1
625,1,22,16,2,1,132,10,0,0,0,3.2599999999999998,0
626,1,22,16,2,1,132,10,0,0,0,3.2599999999999998,0
627,1,22,16,2,1,132,10,0,0,0,3.2599999999999998,0
628,1,22,16,2,1,132,10,0,0,0,3.2599999999999998,0
629,1,22,16,2,1,132,10,0,0,0,3.2599999999999998,0
630,1,22,16,2,1,132,10,0,0,0,3.2599999999999998,0
631,1,22,16,2,1,132,10,0,0,0,3.2599999999999998,0
632,1,22,16,2,1,132,10,0,0,0,3.2599999999999998,0
633,1,22,16,2,1,132,10,0,0,0,3.2599999999999998,0
634,1,22,16,2,1,132,10,0,0,0,3.2599999999999998,0
635,1,23,31,4,1,382,40,98.400000000000006,85.5,266.10000000000002,3.4300000000000002,0
636,1,23,31,4,1,382,40,98.400000000000006,85.5,266.10000000000002,3.4300000000000002,0
637,1,27,16,4,1,188,24,62.799999999999997,68.799999999999997,123.40000000000001,3.71,0
638,1,27,16,4,1,188,24,62.799999999999997,68.799999999999997,123.40000000000001,3.71,0
639,1,27,16,4,1,188,24,62.799999999999997,68.799999999999997,123.40000000000001,3.71,0
640,1,27,16,4,1,188,24,62.799999999999997,68.799999999999997,123.40000000000001,3.71,0
641,1,27,16,4,1,188,24,62.799999999999997,68.799999999999997,123.40000000000001,3.71,0
642,1,27,16,4,1,188,24,62.799999999999997,68.799999999999997,123.40000000000001,3.71,0
643,1,27,16,4,1,188,24,62.799999999999997,68.799999999999997,123.40000000000001,3.71,0
644,1,27,16,4,1,188,24,62.799999999999997,68.799999999999997,123.40000000000001,3.71,0
645,1,27,16,4,1,188,24,62.799999999999997,68.799999999999997,123.40000000000001,3.71,0
646,1,27,16,4,1,188,24,62.799999999999997,68.799999999999997,123.40000000000001,3.71,0
647,0,66,69,1,0,512,0,934.89999999999998,815.10000000000002,0,3.8900000000000001,1
648,1,24,27,1,0,171,0,0,0,0,3.2599999999999998,0
649,1,24,27,1,0,171,0,0,0,0,3.2599999999999998,0
650,1,24,27,1,0,171,0,0,0,0,3.2599999999999998,0
651,1,40,24,3,0,131,0,193.80000000000001,206.90000000000001,169.30000000000001,3.6600000000000001,1
652,0,42,17,4,1,215,0,0,0,0,3.4300000000000002,0
653,0,42,17,4,1,215,0,0,0,0,3.4300000000000002,0
654,0,42,17,4,1,215,0,0,0,0,3.4300000000000002,0
655,0,42,17,4,1,215,0,0,0,0,3.4300000000000002,0
656,0,42,17,4,1,215,0,0,0,0,3.4300000000000002,0
657,0,42,17,4,1,215,0,0,0,0,3.4300000000000002,0
658,0,42,17,4,1,215,0,0,0,0,3.4300000000000002,0
659,0,42,17,4,1,215,0,0,0,0,3.4300000000000002,0
660,0,42,17,4,1,215,0,0,0,0,3.4300000000000002,0
661,0,42,17,4,1,215,0,0,0,0,3.4300000000000002,0
662,1,46,15,4,1,136,26,91,90.099999999999994,123.90000000000001,5.4500000000000002,0
663,0,41,9,1,1,144,21,0,0,0,3.6600000000000001,0
664,0,41,9,1,1,144,21,0,0,0,3.6600000000000001,0
665,0,41,9,1,1,144,21,0,0,0,3.6600000000000001,0
666,0,41,9,1,1,144,21,0,0,0,3.6600000000000001,0
667,0,41,9,1,1,144,21,0,0,0,3.6600000000000001,0
668,0,33,19,3,0,129,0,0,685,0,3.0899999999999999,1
669,0,64,3,1,0,149,0,0,0,0,2.2000000000000002,0
670,0,36,33,1,1,133,20,0,0,0,3.71,0
671,0,36,33,1,1,133,20,0,0,0,3.71,0
672,1,44,38,2,1,193,6,0,355,0,3.9100000000000001,0
673,1,44,38,2,1,193,6,0,355,0,3.9100000000000001,0
674,1,44,38,2,1,193,6,0,355,0,3.9100000000000001,0
675,0,26,11,4,1,133,25,32.799999999999997,17.899999999999999,59.200000000000003,3.9699999999999998,0
676,0,26,11,4,1,133,25,32.799999999999997,17.899999999999999,59.200000000000003,3.9699999999999998,0
677,0,26,11,4,1,133,25,32.799999999999997,17.899999999999999,59.200000000000003,3.9699999999999998,0
678,0,26,11,4,1,133,25,32.799999999999997,17.899999999999999,59.200000000000003,3.9699999999999998,0
679,0,26,11,4,1,133,25,32.799999999999997,17.899999999999999,59.200000000000003,3.9699999999999998,0
680,0,28,27,3,0,166,0,0,0,0,4.0599999999999996,1
681,0,38,4,3,0,145,0,37,68.400000000000006,34.5,3.9900000000000002,1
682,1,42,36,1,0,251,0,0,0,0,3.4300000000000002,0
683,1,42,36,1,0,251,0,0,0,0,3.4300000000000002,0
684,1,42,36,1,0,251,0,0,0,0,3.4300000000000002,0
685,1,42,37,3,0,352,0,0,665,0,4.7400000000000002,1
686,0,58,24,1,0,203,0,0,0,0,3.1800000000000002,1
393,0,46,69,2,0,487,0,0,3265,0,4.1900000000000004,1
394,0,42,66,2,0,586,0,0,1480,0,4.7699999999999996,1
395,0,35,15,1,1,145,2,0,0,0,3.2200000000000002,0
396,1,20,11,4,1,145,20,45,26.399999999999999,83.599999999999994,3,0
493,0,39,22,2,1,174,2,0,0,0,4.1399999999999997,0
494,0,39,22,2,1,174,2,0,0,0,4.1399999999999997,0
495,0,39,22,2,1,174,2,0,0,0,4.1399999999999997,0
496,0,31,3,1,1,118,4,0,0,0,3.0899999999999999,0
497,0,54,49,2,0,360,0,0,625,0,3.3999999999999999,1
498,1,47,39,2,1,216,0,0,0,0,4.2199999999999998,0
499,1,47,39,2,1,216,0,0,0,0,4.2199999999999998,0
500,1,47,39,2,1,216,0,0,0,0,4.2199999999999998,0
501,0,36,28,4,1,171,23,225.30000000000001,283.19999999999999,326.5,4.2300000000000004,1
502,1,38,18,4,1,104,17,121.7,57.899999999999999,90.400000000000006,3.8100000000000001,0
503,1,23,13,4,0,153,10,0,0,0,3.3999999999999999,1
504,0,35,20,4,1,160,27,0,0,0,4.3600000000000003,0
505,0,35,20,4,1,160,27,0,0,0,4.3600000000000003,0
506,0,35,20,4,1,160,27,0,0,0,4.3600000000000003,0
507,0,35,20,4,1,160,27,0,0,0,4.3600000000000003,0
508,0,35,20,4,1,160,27,0,0,0,4.3600000000000003,0
509,0,35,20,4,1,160,27,0,0,0,4.3600000000000003,0
510,0,35,20,4,1,160,27,0,0,0,4.3600000000000003,0
511,0,35,20,4,1,160,27,0,0,0,4.3600000000000003,0
512,1,49,34,3,0,303,0,0,0,0,4.1100000000000003,1
513,0,41,48,2,0,440,0,0,530,0,3.7599999999999998,1
514,0,34,32,1,0,235,0,0,0,0,3.4699999999999998,1
515,1,52,55,2,1,191,0,0,1150,0,4.8399999999999999,1
516,1,26,29,1,0,118,0,0,440,0,3.4699999999999998,0
517,1,26,29,1,0,118,0,0,440,0,3.4699999999999998,0
518,1,26,29,1,0,118,0,0,440,0,3.4699999999999998,0
519,1,25,50,4,1,311,22,0,109.3,435.69999999999999,3.5800000000000001,1
520,0,50,35,1,1,295,5,0,0,0,5.6799999999999997,0
521,0,50,35,1,1,295,5,0,0,0,5.6799999999999997,0
522,0,63,11,1,1,133,11,0,0,0,3.71,0
523,0,63,11,1,1,133,11,0,0,0,3.71,0
524,0,63,11,1,1,133,11,0,0,0,3.71,0
525,0,63,11,1,1,133,11,0,0,0,3.71,0
526,0,63,11,1,1,133,11,0,0,0,3.71,0
527,0,48,51,3,0,434,0,286.89999999999998,103.09999999999999,0,4.0599999999999996,0
528,0,48,51,3,0,434,0,286.89999999999998,103.09999999999999,0,4.0599999999999996,0
529,0,48,51,3,0,434,0,286.89999999999998,103.09999999999999,0,4.0599999999999996,0
530,1,34,33,2,0,318,0,0,0,0,3.3300000000000001,1
531,1,34,31,3,0,179,0,0,170,0,4.6500000000000004,1
532,1,50,19,4,1,193,26,0,62.100000000000001,202.90000000000001,4.7199999999999998,1
533,1,62,25,4,1,216,33,79.5,97.099999999999994,253.40000000000001,3.3300000000000001,0
534,1,62,25,4,1,216,33,79.5,97.099999999999994,253.40000000000001,3.3300000000000001,0
535,1,62,25,4,1,216,33,79.5,97.099999999999994,253.40000000000001,3.3300000000000001,0
536,0,35,48,3,0,318,0,0,1315,0,4.1399999999999997,0
537,0,35,48,3,0,318,0,0,1315,0,4.1399999999999997,0
538,0,31,48,4,1,213,32,328.30000000000001,393.39999999999998,688.29999999999995,3.9500000000000002,1
539,0,32,54,3,0,413,30,757.10000000000002,347.89999999999998,0,3.9100000000000001,0
540,0,32,54,3,0,413,30,757.10000000000002,347.89999999999998,0,3.9100000000000001,0
541,0,32,54,3,0,413,30,757.10000000000002,347.89999999999998,0,3.9100000000000001,0
542,0,32,45,1,0,247,0,0,0,0,3.1400000000000001,1
543,1,37,4,1,1,99,3,0,0,0,3.5,0
544,1,27,49,2,1,258,25,0,0,0,3.3700000000000001,0
545,1,27,49,2,1,258,25,0,0,0,3.3700000000000001,0
546,1,27,49,2,1,258,25,0,0,0,3.3700000000000001,0
547,0,35,23,4,1,178,19,0,148.5,301.5,4.5600000000000005,0
548,0,35,23,4,1,178,19,0,148.5,301.5,4.5600000000000005,0
